Time,AccelX1,AccelY1,AccelZ1,AccelX2,AccelY2,AccelZ2
2.500802333,0,0,1.293649614,0,0,0.74445913
2.502402333,0,0,1.274183714,0,0,0.759414783
2.504002333,0,0,1.289576869,0,0,0.52234
2.505602333,0,0,1.259558265,0,0,0.777693913
2.507202333,0,0,1.305247428,0,0,0.793674894
2.508802333,0,0,1.28579765,0,0,-0.131547907
2.510402333,0,0,1.287318702,0,0,0.545503636
2.512002333,0,0,1.243683667,0,0,0.470272174
2.513602333,0,0,1.315813329,0,0,0.80262
2.515202333,0,0,1.252473111,0,0,0.718861277
2.516802333,0,0,1.321710675,0,0,0.712847442
2.518402333,0,0,1.274683152,0,0,0.743257021
2.520002333,0,0,1.285629287,0,0,0.47866
2.521602333,0,0,1.242324639,0,0,0.73892
2.523202333,0,0,1.312873781,0,0,0.574149333
2.524802333,0,0,1.273416008,0,0,0.7341425
2.526402333,0,0,1.283983748,0,0,0.572450667
2.528002333,0,0,1.25894255,0,0,0.756268085
2.529602333,0,0,1.310063617,0,0,0.91666
2.531202333,0,0,1.270979053,0,0,0.9282
2.532802333,0,0,1.302299119,0,0,0.75192
2.534402333,0,0,1.263930285,0,0,0.7644
2.536002333,0,0,1.270069567,0,0,0.524656364
2.537602333,0,0,1.264989748,0,0,0.482421333
2.539202333,0,0,1.330856896,0,0,0.716837333
2.540802333,0,0,1.278448007,0,0,0.531524651
2.542402333,0,0,1.288997421,0,0,0.759520851
2.544002333,0,0,1.274020926,0,0,0.583871489
2.545602333,0,0,1.284905574,0,0,0.270863478
2.547202333,0,0,1.263136253,0,0,0.483527442
2.548802333,0,0,1.31090182,0,0,0.725366809
2.550402333,0,0,1.283552329,0,0,0.737812174
2.552002333,0,0,1.302445703,0,0,0.8008
2.553602333,0,0,1.262965806,0,0,0.78156
2.555202333,0,0,1.306533364,0,0,0.714061463
2.556802333,0,0,1.242750275,0,0,0.78988
2.558402333,0,0,1.301348361,0,0,0.77077
2.560002333,0,0,1.286077182,0,0,0.371836735
2.561602333,0,0,1.312934587,0,0,0.78806
2.563202333,0,0,1.268378209,0,0,0.7564375
2.564802333,0,0,1.262857857,0,0,0.695070698
2.566402333,0,0,1.295874384,0,0,0.718861277
2.568002333,0,0,1.262328227,0,0,0.719654634
2.569602333,0,0,1.297516464,0,0,0.785383529
2.571202333,0,0,1.294702753,0,0,0.619651915
2.572802333,0,0,1.290634308,0,0,0.762701333
2.574402333,0,0,1.27111732,0,0,0.489541277
2.576002333,0,0,1.267330745,0,0,0.71162
2.577602333,0,0,1.264351294,0,0,0.706645333
2.579202333,0,0,1.307846577,0,0,0.73240186
2.580802333,0,0,1.282478061,0,0,0.68796
2.582402333,0,0,1.293826577,0,0,0.725330667
2.584002333,0,0,1.249620445,0,0,0.79692766
2.585602333,0,0,1.300370728,0,0,0.562258667
2.587202333,0,0,1.270875649,0,0,0.517303256
2.588802333,0,0,1.30701139,0,0,0.819507907
2.590402333,0,0,1.28329209,0,0,0.782290213
2.592002333,0,0,1.315843044,0,0,0.753015319
2.593602333,0,0,1.271575784,0,0,0.70422383
2.595202333,0,0,1.32200684,0,0,0.759520851
2.596802333,0,0,1.254724911,0,0,0.781772727
2.598402333,0,0,1.309071517,0,0,0.990164651
2.600002333,0,0,1.259456482,0,0,1.305668444
2.601602333,0,0,1.277506102,0,0,0.506415
2.603202333,0,0,1.283398499,0,0,0.334637333
2.604802333,0,0,1.30421533,0,0,0.7644
2.606402333,0,0,1.272790251,0,0,0.495122727
2.608002333,0,0,1.292070829,0,0,0.691357333
2.609602333,0,0,1.282421471,0,0,0.646265455
2.611202333,0,0,1.287318702,0,0,0.255379091
2.612802333,0,0,1.282334409,0,0,0.634452
2.614402333,0,0,1.297444482,0,0,0.823853333
2.616002333,0,0,1.268146162,0,0,0.769385217
2.617602333,0,0,1.266682316,0,0,0.7787325
2.619202333,0,0,1.236890181,0,0,0.77896
2.620802333,0,0,1.294446893,0,0,0.738340909
2.622402333,0,0,1.248992549,0,0,0.724518261
2.624002333,0,0,1.311614986,0,0,0.500925957
2.625602333,0,0,1.288134907,0,0,0.811306364
2.627202333,0,0,1.228429214,0,0,0.705850213
2.628802333,0,0,1.261076126,0,0,0.727068837
2.630402333,0,0,1.314569533,0,0,0.68796
2.632002333,0,0,1.315898836,0,0,0.70616
2.633602333,0,0,1.30134437,0,0,0.7322952
2.635202333,0,0,1.293347737,0,0,0.755906667
2.636802333,0,0,1.266583619,0,0,0.486288511
2.638402333,0,0,1.29499103,0,0,0.557664545
2.640002333,0,0,1.26014814,0,0,0.827250667
2.641602333,0,0,1.305365461,0,0,0.747620488
2.643202333,0,0,1.287649537,0,0,0.772044
2.644802333,0,0,1.314518592,0,0,0.803433191
2.646402333,0,0,1.275380815,0,0,0.533418261
2.648002333,0,0,1.294274189,0,0,0.761076522
2.649602333,0,0,1.216526512,0,0,0.701858182
2.651202333,0,0,1.272300528,0,0,0.724442727
2.652802333,0,0,1.307679539,0,0,0.494193488
2.654402333,0,0,1.293874461,0,0,0.5335512
2.656002333,0,0,1.282323008,0,0,0.4732
2.657602333,0,0,1.28859689,0,0,0.710442353
2.659202333,0,0,1.244832042,0,0,0.362683404
2.660802333,0,0,1.284162709,0,0,0.755713636
2.662402333,0,0,1.270561944,0,0,1.175764878
2.664002333,0,0,1.297912002,0,0,1.095601702
2.665602333,0,0,1.299739214,0,0,0.589917391
2.667202333,0,0,1.307183166,0,0,0.82457617
2.668802333,0,0,1.24656286,0,0,0.717493636
2.670402333,0,0,1.273142757,0,0,1.544231304
2.672002333,0,0,1.195331203,0,0,0.795973043
2.673602333,0,0,1.352957519,0,0,0.76626439
2.675202333,0,0,1.303813818,0,0,0.76128
2.676802333,0,0,1.328058093,0,0,0.55107907
2.678402333,0,0,1.26337437,0,0,0.325276596
2.680002333,0,0,1.290118112,0,0,0.697718298
2.681602333,0,0,1.266005954,0,0,0.7429968
2.683202333,0,0,1.319463947,0,0,0.745806486
2.684802333,0,0,1.310068059,0,0,0.51948
2.686402333,0,0,1.313846663,0,0,0.74074
2.688002333,0,0,1.275774297,0,0,0.7277088
2.689602333,0,0,1.291142844,0,0,0.728846512
2.691202333,0,0,1.277233294,0,0,0.70356
2.692802333,0,0,1.293648404,0,0,0.746623256
2.694402333,0,0,1.307941484,0,0,0.703595455
2.696002333,0,0,1.316593258,0,0,0.507283636
2.697602333,0,0,1.279804883,0,0,0.347303478
2.699202333,0,0,1.282494023,0,0,0.672672
2.700802333,0,0,1.260690826,0,0,0.5396664
2.702402333,0,0,1.284684068,0,0,0.709292093
2.704002333,0,0,1.274779373,0,0,0.769496
2.705602333,0,0,1.309071517,0,0,0.785732093
2.707202333,0,0,1.296327188,0,0,0.806866667
2.708802333,0,0,1.241493319,0,0,0.58604
2.710402333,0,0,1.302977748,0,0,0.759304
2.712002333,0,0,1.290630838,0,0,0.270863478
2.713602333,0,0,1.291255413,0,0,0.62979913
2.715202333,0,0,1.31838891,0,0,0.722705455
2.716802333,0,0,1.291557786,0,0,0.97006
2.718402333,0,0,1.324153132,0,0,0.805168
2.720002333,0,0,1.293113203,0,0,0.7722
2.721602333,0,0,1.289546331,0,0,0.28392
2.723202333,0,0,1.25083117,0,0,0.279094884
2.724802333,0,0,1.307743511,0,0,0.757894468
2.726402333,0,0,1.315409429,0,0,0.799823415
2.728002333,0,0,1.263305711,0,0,0.594902609
2.729602333,0,0,1.292602874,0,0,0.703248
2.731202333,0,0,1.238339732,0,0,0.71292
2.732802333,0,0,1.305957199,0,0,0.806866667
2.734402333,0,0,1.253542861,0,0,0.730245957
2.736002333,0,0,1.30501947,0,0,1.337018
2.737602333,0,0,1.252931575,0,0,0.744883404
2.739202333,0,0,1.297372276,0,0,0.69342
2.740802333,0,0,1.299253434,0,0,0.750910588
2.742402333,0,0,1.276381553,0,0,0.767874545
2.744002333,0,0,1.239348514,0,0,0.33124
2.745602333,0,0,1.307772802,0,0,0.766311
2.747202333,0,0,1.273066854,0,0,0.5844475
2.748802333,0,0,1.295096061,0,0,0.53508
2.750402333,0,0,1.284439311,0,0,0.8137675
2.752002333,0,0,1.304889784,0,0,0.5239325
2.753602333,0,0,1.262316801,0,0,0.804281739
2.755202333,0,0,1.30092212,0,0,0.747027273
2.756802333,0,0,1.286937806,0,0,0.762662727
2.758402333,0,0,1.288951112,0,0,0.722705455
2.760002333,0,0,1.256539489,0,0,0.892353913
2.761602333,0,0,1.331481766,0,0,0.510684255
2.763202333,0,0,1.28281325,0,0,0.7582848
2.764802333,0,0,1.29826977,0,0,0.556412093
2.766402333,0,0,1.256677476,0,0,0.691515349
2.768002333,0,0,1.303775815,0,0,0.482421333
2.769602333,0,0,1.271477225,0,0,0.739473913
2.771202333,0,0,1.325475643,0,0,0.78624
2.772802333,0,0,1.258833677,0,0,0.756905882
2.774402333,0,0,1.297087252,0,0,0.5005
2.776002333,0,0,1.262595547,0,0,0.834045333
2.777602333,0,0,1.301443479,0,0,0.734179535
2.779202333,0,0,1.289767317,0,0,0.61152
2.780802333,0,0,1.298854401,0,0,0.7755475
2.782402333,0,0,1.310745602,0,0,0.541874667
2.784002333,0,0,1.328505667,0,0,0.77616
2.785602333,0,0,1.226889153,0,0,0.739512558
2.787202333,0,0,1.295480753,0,0,0.785247273
2.788802333,0,0,1.250624538,0,0,0.318256889
2.790402333,0,0,1.291595385,0,0,0.047165106
2.792002333,0,0,1.325133614,0,0,0.42406
2.793602333,0,0,1.293862716,0,0,0.803341132
2.795202333,0,0,1.282289866,0,0,0.751956279
2.796802333,0,0,1.239862385,0,0,0.494193488
2.798402333,0,0,1.28165968,0,0,0.715756364
2.800002333,0,0,1.26522675,0,0,0.710544545
2.801602333,0,0,1.280000063,0,0,0.873714167
2.803202333,0,0,1.269589106,0,0,0.564354894
2.804802333,0,0,1.312633795,0,0,0.570860426
2.806402333,0,0,1.293902756,0,0,0.750501818
2.808002333,0,0,1.253218581,0,0,0.825924878
2.809602333,0,0,1.247179548,0,0,0.7007
2.811202333,0,0,1.288861211,0,0,0.72618
2.812802333,0,0,1.30520424,0,0,0.704577391
2.814402333,0,0,1.299947406,0,0,0.731165217
2.816002333,0,0,1.24879382,0,0,0.778298182
2.817602333,0,0,1.239358489,0,0,0.848484
2.819202333,0,0,1.268042066,0,0,0.525109565
2.820802333,0,0,1.277855257,0,0,0.7436975
2.822402333,0,0,1.296709595,0,0,0.46501
2.824002333,0,0,1.310770995,0,0,0.760925455
2.825602333,0,0,1.264040754,0,0,0.74568
2.827202333,0,0,1.341161696,0,0,0.788637073
2.828802333,0,0,1.261091311,0,0,0.799145455
2.830402333,0,0,1.294773375,0,0,0.555927273
2.832002333,0,0,1.296530617,0,0,0.380701176
2.833602333,0,0,1.323715123,0,0,0.707514419
2.835202333,0,0,1.279102237,0,0,0.7373275
2.836802333,0,0,1.288137498,0,0,0.5369
2.838402333,0,0,1.279128261,0,0,0.74445913
2.840002333,0,0,1.245218444,0,0,0.730840976
2.841602333,0,0,1.260382866,0,0,0.58604
2.843202333,0,0,1.313299417,0,0,0.496010667
2.844802333,0,0,1.276381553,0,0,0.727917273
2.846402333,0,0,1.294975794,0,0,0.7215936
2.848002333,0,0,1.261637866,0,0,0.276882667
2.849602333,0,0,1.291934574,0,0,0.771857561
2.851202333,0,0,1.270913558,0,0,0.569234043
2.852802333,0,0,1.304141596,0,0,0.6449625
2.854402333,0,0,1.277865233,0,0,0.772893333
2.856002333,0,0,1.291182073,0,0,0.542029091
2.857602333,0,0,1.306535798,0,0,0.81536
2.859202333,0,0,1.2614102,0,0,0.803508837
2.860802333,0,0,1.273938,0,0,0.227542326
2.862402333,0,0,1.279850425,0,0,0.7405125
2.864002333,0,0,1.327235666,0,0,0.9698325
2.865602333,0,0,1.274327753,0,0,0.775066047
2.867202333,0,0,1.286035446,0,0,0.5621525
2.868802333,0,0,1.236950987,0,0,0.772893333
2.870402333,0,0,1.299481453,0,0,0.48958
2.872002333,0,0,1.265202566,0,0,0.721933333
2.873602333,0,0,1.314074683,0,0,0.78
2.875202333,0,0,1.27055929,0,0,0.705332727
2.876802333,0,0,1.320109591,0,0,0.721933333
2.878402333,0,0,1.256955872,0,0,0.759520851
2.880002333,0,0,1.299661748,0,0,0.78039907
2.881602333,0,0,1.282042941,0,0,0.528433043
2.883202333,0,0,1.311137696,0,0,1.074552174
2.884802333,0,0,1.275211659,0,0,0.54145
2.886402333,0,0,1.315913087,0,0,0.787332
2.888002333,0,0,1.258679697,0,0,0.5136768
2.889602333,0,0,1.288772151,0,0,0.71344
2.891202333,0,0,1.288452925,0,0,0.68796
2.892802333,0,0,1.314475107,0,0,0.790501463
2.894402333,0,0,1.29379726,0,0,0.62088
2.896002333,0,0,1.266479474,0,0,0.825552
2.897602333,0,0,1.250518129,0,0,0.762701333
2.899202333,0,0,1.305987126,0,0,0.7644
2.900802333,0,0,1.257434712,0,0,0.791578667
2.902402333,0,0,1.304999518,0,0,0.304061333
2.904002333,0,0,1.257487916,0,0,0.771194667
2.905602333,0,0,1.291359508,0,0,0.719533043
2.907202333,0,0,1.244440727,0,0,0.531605455
2.908802333,0,0,1.272617941,0,0,0.748475
2.910402333,0,0,1.258636907,0,0,0.307386383
2.912002333,0,0,1.318035853,0,0,0.755511628
2.913602333,0,0,1.296689431,0,0,0.775784681
2.915202333,0,0,1.328840317,0,0,0.797959024
2.916802333,0,0,1.278845715,0,0,0.76596
2.918402333,0,0,1.273548246,0,0,0.754877209
2.920002333,0,0,1.298194774,0,0,0.71136
2.921602333,0,0,1.332027395,0,0,1.151089778
2.923202333,0,0,1.252330709,0,0,0.738340909
2.924802333,0,0,1.271437872,0,0,0.756942439
2.926402333,0,0,1.226978472,0,0,0.7532525
2.928002333,0,0,1.276269098,0,0,0.480722667
2.929602333,0,0,1.263357759,0,0,1.175918261
2.931202333,0,0,1.33197419,0,0,0.75166
2.932802333,0,0,1.274548049,0,0,0.772708696
2.934402333,0,0,1.298591622,0,0,0.594740488
2.936002333,0,0,1.285367065,0,0,0.574149333
2.937602333,0,0,1.289423582,0,0,0.76253561
2.939202333,0,0,1.276741915,0,0,0.768726792
2.940802333,0,0,1.308180651,0,0,0.49063814
2.942402333,0,0,1.287329371,0,0,0.735922353
2.944002333,0,0,1.309286279,0,0,0.72436
2.945602333,0,0,1.256792631,0,0,0.542029091
2.947202333,0,0,1.233013855,0,0,0.776290667
2.948802333,0,0,1.256853991,0,0,0.28949617
2.950402333,0,0,1.301144507,0,0,0.80262
2.952002333,0,0,1.278154532,0,0,0.73255
2.953602333,0,0,1.309730189,0,0,0.783916596
2.955202333,0,0,1.289847642,0,0,0.72072
2.956802333,0,0,1.254029625,0,0,0.479024
2.958402333,0,0,1.287356665,0,0,0.506637209
2.960002333,0,0,1.281305412,0,0,0.741630638
2.961602333,0,0,1.312371664,0,0,0.519155
2.963202333,0,0,1.279461367,0,0,0.7598136
2.964802333,0,0,1.292496465,0,0,0.326750222
2.966402333,0,0,1.265278573,0,0,0.45318
2.968002333,0,0,1.251514504,0,0,0.813043636
2.969602333,0,0,1.273194805,0,0,0.468610435
2.971202333,0,0,1.308347689,0,0,0.721735814
2.972802333,0,0,1.295795143,0,0,0.716271111
2.974402333,0,0,1.313491679,0,0,0.531605455
2.976002333,0,0,1.250837356,0,0,0.749112
2.977602333,0,0,1.263682438,0,0,0.728
2.979202333,0,0,1.292764801,0,0,1.150992174
2.980802333,0,0,1.309784452,0,0,0.679651304
2.982402333,0,0,1.268978928,0,0,0.465286957
2.984002333,0,0,1.302110515,0,0,0.5473104
2.985602333,0,0,1.27355914,0,0,0.117983478
2.987202333,0,0,1.251554998,0,0,0.766177674
2.988802333,0,0,1.264249835,0,0,0.048631628
2.990402333,0,0,1.311968096,0,0,0.714019091
2.992002333,0,0,1.28531386,0,0,0.674370667
2.993602333,0,0,1.323383231,0,0,0.737421176
2.995202333,0,0,1.274014558,0,0,0.5080075
2.996802333,0,0,1.280563814,0,0,0.542190698
2.998402333,0,0,1.250154162,0,0,0.724442727
3.000002333,0,0,1.282401224,0,0,0.508414884
3.001602333,0,0,1.279461367,0,0,0.506202667
3.003202333,0,0,1.328781921,0,0,0.761002667
3.004802333,0,0,1.259924682,0,0,0.7995624
3.006402333,0,0,1.292070829,0,0,0.284283556
3.008002333,0,0,1.249044597,0,0,0.722856522
3.009602333,0,0,1.271437872,0,0,0.76253561
3.011202333,0,0,1.304432381,0,0,0.751388936
3.012802333,0,0,1.331409704,0,0,0.76253561
3.014402333,0,0,1.263340409,0,0,0.767397647
3.016002333,0,0,1.314416711,0,0,0.682974783
3.017602333,0,0,1.224404917,0,0,0.754641702
3.019202333,0,0,1.282573829,0,0,0.672672
3.020802333,0,0,1.294530179,0,0,0.266203265
3.022402333,0,0,1.314416711,0,0,0.7056
3.024002333,0,0,1.298594161,0,0,0.68796
3.025602333,0,0,1.295591714,0,0,0.810863529
3.027202333,0,0,1.287820254,0,0,0.754429565
3.028802333,0,0,1.24612755,0,0,0.710544545
3.030402333,0,0,1.306215297,0,0,0.746509787
3.032002333,0,0,1.264404499,0,0,0.667576
3.033602333,0,0,1.328256365,0,0,0.522029268
3.035202333,0,0,1.287132788,0,0,0.7628075
3.036802333,0,0,1.295215214,0,0,0.7842744
3.038402333,0,0,1.254301431,0,0,0.737812174
3.040002333,0,0,1.274057312,0,0,0.77532
3.041602333,0,0,1.287927672,0,0,0.715608511
3.043202333,0,0,1.295040382,0,0,0.257762791
3.044802333,0,0,1.28062582,0,0,1.000049091
3.046402333,0,0,1.289660666,0,0,0.7552272
3.048002333,0,0,1.259245978,0,0,0.794311304
3.049602333,0,0,1.262508382,0,0,0.770905532
3.051202333,0,0,1.283877339,0,0,0.708344
3.052802333,0,0,1.306607054,0,0,0.80626
3.054402333,0,0,1.266699716,0,0,0.759066977
3.056002333,0,0,1.322024952,0,0,0.793277333
3.057602333,0,0,1.271275039,0,0,0.81732
3.059202333,0,0,1.281714093,0,0,0.509020909
3.060802333,0,0,1.29108598,0,0,0.718861277
3.062402333,0,0,1.304171755,0,0,0.753733953
3.064002333,0,0,1.274672964,0,0,0.793277333
3.065602333,0,0,1.322055355,0,0,0.74074
3.067202333,0,0,1.255978646,0,0,0.50232
3.068802333,0,0,1.310356978,0,0,0.329024348
3.070402333,0,0,1.280179628,0,0,0.7231224
3.072002333,0,0,1.290634308,0,0,0.762701333
3.073602333,0,0,1.287846913,0,0,0.667451707
3.075202333,0,0,1.295209894,0,0,0.793277333
3.076802333,0,0,1.271321082,0,0,0.837365455
3.078402333,0,0,1.277233294,0,0,0.55536
3.080002333,0,0,1.26210861,0,0,0.510153913
3.081602333,0,0,1.312457819,0,0,0.691434545
3.083202333,0,0,1.268827121,0,0,0.77714
3.084802333,0,0,1.319835168,0,0,0.506917895
3.086402333,0,0,1.247818816,0,0,0.69576
3.088002333,0,0,1.268109348,0,0,0.717790244
3.089602333,0,0,1.261402246,0,0,0.31824
3.091202333,0,0,1.295362857,0,0,0.7755475
3.092802333,0,0,1.270811677,0,0,0.79692766
3.094402333,0,0,1.323480475,0,0,0.4459
3.096002333,0,0,1.284688707,0,0,0.7436975
3.097602333,0,0,1.259294394,0,0,0.659517209
3.099202333,0,0,1.296876582,0,0,0.751106087
3.100802333,0,0,1.297032725,0,0,1.149330435
3.102402333,0,0,1.279675317,0,0,0.692839149
3.104002333,0,0,1.3051183,0,0,0.563522791
3.105602333,0,0,1.274041765,0,0,0.727917273
3.107202333,0,0,1.23245351,0,0,0.736751489
3.108802333,0,0,1.300942367,0,0,0.255985116
3.110402333,0,0,1.291921192,0,0,0.26754
3.112002333,0,0,1.319923375,0,0,0.4571112
3.113602333,0,0,1.273829293,0,0,0.76258
3.115202333,0,0,1.298189345,0,0,0.767797333
3.116802333,0,0,1.25211542,0,0,0.825884348
3.118402333,0,0,1.295369507,0,0,0.730426667
3.120002333,0,0,1.297198836,0,0,0.813191489
3.121602333,0,0,1.31298019,0,0,0.744016
3.123202333,0,0,1.282344385,0,0,0.7882875
3.124802333,0,0,1.268413837,0,0,0.7826
3.126402333,0,0,1.255030101,0,0,0.769385217
3.128002333,0,0,1.271893608,0,0,0.456978261
3.129602333,0,0,1.246650395,0,0,0.749444348
3.131202333,0,0,1.304041838,0,0,0.762701333
3.132802333,0,0,1.299441215,0,0,0.524588235
3.134402333,0,0,1.291817784,0,0,0.484741463
3.136002333,0,0,1.254455261,0,0,0.730426667
3.137602333,0,0,1.273062319,0,0,0.70707
3.139202333,0,0,1.27111289,0,0,0.59324087
3.140802333,0,0,1.305828814,0,0,0.270863478
3.142402333,0,0,1.281630807,0,0,0.56004
3.144002333,0,0,1.328143468,0,0,0.292170667
3.145602333,0,0,1.285577464,0,0,0.861687273
3.147202333,0,0,1.28329209,0,0,0.786984545
3.148802333,0,0,1.238464484,0,0,0.779037447
3.150402333,0,0,1.298745573,0,0,0.696646364
3.152002333,0,0,1.302592287,0,0,0.3354
3.153602333,0,0,1.327258339,0,0,0.399572727
3.155202333,0,0,1.285899109,0,0,0.696453333
3.156802333,0,0,1.301754045,0,0,0.686261333
3.158402333,0,0,1.270150583,0,0,0.777989333
3.160002333,0,0,1.287247727,0,0,0.485227826
3.161602333,0,0,1.268672178,0,0,0.696091915
3.163202333,0,0,1.300204323,0,0,0.530200851
3.164802333,0,0,1.303403384,0,0,0.796674667
3.166402333,0,0,1.313512235,0,0,0.7644
3.168002333,0,0,1.227501623,0,0,0.751956279
3.169602333,0,0,1.293650677,0,0,0.75816
3.171202333,0,0,1.291272762,0,0,0.97734
3.172802333,0,0,1.306132774,0,0,0.5595408
3.174402333,0,0,1.311171238,0,0,0.732125333
3.176002333,0,0,1.268302306,0,0,0.556682609
3.177602333,0,0,1.294921069,0,0,0.77168
3.179202333,0,0,1.247281342,0,0,0.32136
3.180802333,0,0,1.298113338,0,0,0.7735
3.182402333,0,0,1.285207451,0,0,0.5014464
3.184002333,0,0,1.300608293,0,0,0.746623256
3.185602333,0,0,1.312853151,0,0,0.7176
3.187202333,0,0,1.318786129,0,0,0.682227
3.188802333,0,0,1.266991142,0,0,0.759520851
3.190402333,0,0,1.284831219,0,0,0.48958
3.192002333,0,0,1.247029911,0,0,0.710255
3.193602333,0,0,1.306550049,0,0,0.49868
3.195202333,0,0,1.283627278,0,0,0.6742008
3.196802333,0,0,1.296822113,0,0,0.785732093
3.198402333,0,0,1.262316801,0,0,0.722856522
3.200002333,0,0,1.260573776,0,0,0.490914667
3.201602333,0,0,1.266584726,0,0,1.592421739
3.203202333,0,0,1.314986759,0,0,0.46956
3.204802333,0,0,1.278295495,0,0,0.70623913
3.206402333,0,0,1.314715987,0,0,0.7723625
3.208002333,0,0,1.255486702,0,0,0.799145455
3.209602333,0,0,1.286737404,0,0,0.749484878
3.211202333,0,0,1.266168343,0,0,0.754429565
3.212802333,0,0,1.310444513,0,0,0.519444545
3.214402333,0,0,1.255342388,0,0,0.757753043
3.216002333,0,0,1.306785194,0,0,0.7214025
3.217602333,0,0,1.231327031,0,0,0.734866364
3.219202333,0,0,1.305949413,0,0,0.714061463
3.220802333,0,0,1.256574976,0,0,0.495122727
3.222402333,0,0,1.303775815,0,0,0.732125333
3.224002333,0,0,1.297912002,0,0,0.761147234
3.225602333,0,0,1.282693539,0,0,0.786984545
3.227202333,0,0,1.291222883,0,0,0.78351
3.228802333,0,0,1.285740705,0,0,0.481224545
3.230402333,0,0,1.250913363,0,0,0.83902
3.232002333,0,0,1.308191787,0,0,0.757605333
3.233602333,0,0,1.28020623,0,0,0.242909333
3.235202333,0,0,1.281596197,0,0,-0.066885
3.236802333,0,0,1.297030247,0,0,0.78078
3.238402333,0,0,1.277423949,0,0,0.798872941
3.240002333,0,0,1.262779605,0,0,0.481365405
3.241602333,0,0,1.260623585,0,0,0.713982128
3.243202333,0,0,1.295605127,0,0,0.72982
3.244802333,0,0,1.310027342,0,0,0.78988
3.246402333,0,0,1.284071597,0,0,0.533302326
3.248002333,0,0,1.285962546,0,0,0.58947
3.249602333,0,0,1.292423464,0,0,0.511970233
3.251202333,0,0,1.26321763,0,0,0.45864
3.252802333,0,0,1.309017023,0,0,0.552970213
3.254402333,0,0,1.274096179,0,0,0.792196364
3.256002333,0,0,1.308327112,0,0,0.747782609
3.257602333,0,0,1.270722531,0,0,0.246692727
3.259202333,0,0,1.263161251,0,0,0.69888
3.260802333,0,0,1.284660205,0,0,0.68432
3.262402333,0,0,1.284349993,0,0,0.730624186
3.264002333,0,0,1.31404428,0,0,0.727029333
3.265602333,0,0,1.299616192,0,0,0.757450909
3.267202333,0,0,1.270150583,0,0,0.781386667
3.268802333,0,0,1.277705619,0,0,0.729927059
3.270402333,0,0,1.273007905,0,0,0.679273636
3.272002333,0,0,1.267058235,0,0,0.669316098
3.273602333,0,0,1.288525926,0,0,0.492415814
3.275202333,0,0,1.298827798,0,0,0.429762667
3.276802333,0,0,1.294205195,0,0,0.776843721
3.278402333,0,0,1.307882536,0,0,0.4920825
3.280002333,0,0,1.270416605,0,0,0.725330667
3.281602333,0,0,1.304361064,0,0,0.315952
3.283202333,0,0,1.282633684,0,0,0.725498
3.284802333,0,0,1.295837707,0,0,0.7215936
3.286402333,0,0,1.268611853,0,0,0.734226316
3.288002333,0,0,1.305865991,0,0,0.7098
3.289602333,0,0,1.256293646,0,0,0.769279149
3.291202333,0,0,1.30320981,0,0,0.741630638
3.292802333,0,0,1.225033183,0,0,1.206660513
3.294402333,0,0,1.290321873,0,0,0.686333617
3.296002333,0,0,1.270652932,0,0,0.751956279
3.297602333,0,0,1.279216853,0,0,0.580618723
3.299202333,0,0,1.268818053,0,0,0.533342727
3.300802333,0,0,1.278973138,0,0,0.942225098
3.302402333,0,0,1.263397414,0,0,0.54964
3.304002333,0,0,1.305903994,0,0,0.574149333
3.305602333,0,0,1.278726403,0,0,0.753733953
3.307202333,0,0,1.251688628,0,0,0.524888
3.308802333,0,0,1.296859233,0,0,0.424666667
3.310402333,0,0,1.240294182,0,0,0.76752
3.312002333,0,0,1.316012846,0,0,0.2755025
3.313602333,0,0,1.268091693,0,0,0.760844651
3.315202333,0,0,1.337324868,0,0,0.297693636
3.316802333,0,0,1.278711878,0,0,0.767723478
3.318402333,0,0,1.293441423,0,0,0.5733
3.320002333,0,0,1.289604076,0,0,0.795670909
3.321602333,0,0,1.290674212,0,0,0.7214025
3.323202333,0,0,1.28441278,0,0,0.528574468
3.324802333,0,0,1.347760349,0,0,0.7644
3.326402333,0,0,1.285148818,0,0,0.75192
3.328002333,0,0,1.284751969,0,0,0.719654634
3.329602333,0,0,1.285037862,0,0,0.735735
3.331202333,0,0,1.279624377,0,0,0.697718298
3.332802333,0,0,1.269126397,0,0,0.5096
3.334402333,0,0,1.289641929,0,0,0.742797391
3.336002333,0,0,1.298076285,0,0,0.475839
3.337602333,0,0,1.293068413,0,0,0.563745
3.339202333,0,0,1.247550079,0,0,1.00646
3.340802333,0,0,1.299203555,0,0,0.551005
3.342402333,0,0,1.265468589,0,0,0.783085333
3.344002333,0,0,1.305079325,0,0,0.7384104
3.345602333,0,0,1.256297466,0,0,0.569478
3.347202333,0,0,1.321599316,0,0,1.181923265
3.348802333,0,0,1.25895104,0,0,0.76622
3.350402333,0,0,1.27773958,0,0,0.486288511
3.352002333,0,0,1.262995789,0,0,0.505546364
3.353602333,0,0,1.311830974,0,0,0.7445256
3.355202333,0,0,1.264027118,0,0,0.73240186
3.356802333,0,0,1.328323457,0,0,0.448881702
3.358402333,0,0,1.241948315,0,0,0.553723902
3.360002333,0,0,1.309017023,0,0,0.822949787
3.361602333,0,0,1.259692102,0,0,0.73892
3.363202333,0,0,1.313383919,0,0,0.792877647
3.364802333,0,0,1.275552694,0,0,0.725291163
3.366402333,0,0,1.275056036,0,0,0.8377824
3.368002333,0,0,1.290351915,0,0,0.78008
3.369602333,0,0,1.249438078,0,0,0.542724
3.371202333,0,0,1.280489122,0,0,0.497792195
3.372802333,0,0,1.26785713,0,0,0.457013617
3.374402333,0,0,1.331229328,0,0,0.929170667
3.376002333,0,0,1.286614655,0,0,0.73008
3.377602333,0,0,1.299773106,0,0,0.791065116
3.379202333,0,0,1.280796007,0,0,0.736751489
3.380802333,0,0,1.287373115,0,0,0.717493636
3.382402333,0,0,1.256901458,0,0,0.68796
3.384002333,0,0,1.305601696,0,0,0.771349091
3.385602333,0,0,1.306501188,0,0,0.39936
3.387202333,0,0,1.290808769,0,0,0.776843721
3.388802333,0,0,1.264510908,0,0,1.251311111
3.390402333,0,0,1.286883392,0,0,0.563745
3.392002333,0,0,1.257456984,0,0,0.783954419
3.393602333,0,0,1.303722611,0,0,0.698152
3.395202333,0,0,1.309777946,0,0,0.7564375
3.396802333,0,0,1.308015887,0,0,0.74568
3.398402333,0,0,1.263954307,0,0,0.73696
3.400002333,0,0,1.310176979,0,0,0.3519425
3.401602333,0,0,1.264138477,0,0,0.450146667
3.403202333,0,0,1.304186941,0,0,0.552452727
3.404802333,0,0,1.311204977,0,0,0.732705366
3.406402333,0,0,1.274577196,0,0,0.7353528
3.408002333,0,0,1.261972294,0,0,0.74074
3.409602333,0,0,1.272385171,0,0,1.134103111
3.411202333,0,0,1.269549372,0,0,0.7582848
3.412802333,0,0,1.290219993,0,0,0.998599149
3.414402333,0,0,1.26880717,0,0,0.523614
3.416002333,0,0,1.322381097,0,0,0.7566
3.417602333,0,0,1.265716473,0,0,0.74529
3.419202333,0,0,1.297929368,0,0,0.753976364
3.420802333,0,0,1.265595817,0,0,0.80262
3.422402333,0,0,1.288488017,0,0,0.377320851
3.424002333,0,0,1.255550579,0,0,0.684636522
3.425602333,0,0,1.328673094,0,0,0.714019091
3.427202333,0,0,1.284176904,0,0,0.790987826
3.428802333,0,0,1.290423754,0,0,0.733498723
3.430402333,0,0,1.274007259,0,0,0.745756098
3.432002333,0,0,1.282923751,0,0,0.4851
3.433602333,0,0,1.264027118,0,0,1.13352186
3.435202333,0,0,1.32947358,0,0,0.737221333
3.436802333,0,0,1.297378904,0,0,0.792842791
3.438402333,0,0,1.282094989,0,0,0.7781592
3.440002333,0,0,1.232371508,0,0,0.797959024
3.441602333,0,0,1.289177836,0,0,0.570115
3.443202333,0,0,1.262070757,0,0,0.724442727
3.444802333,0,0,1.302133416,0,0,0.810928696
3.446402333,0,0,1.284815673,0,0,0.823467273
3.448002333,0,0,1.273116733,0,0,0.3423875
3.449602333,0,0,1.239380255,0,0,0.724442727
3.451202333,0,0,1.283999468,0,0,0.7644
3.452802333,0,0,1.259490909,0,0,0.747912941
3.454402333,0,0,1.268258731,0,0,0.78039907
3.456002333,0,0,1.302501382,0,0,0.778621395
3.457602333,0,0,1.31202251,0,0,0.53321561
3.459202333,0,0,1.272566066,0,0,0.7429968
3.460802333,0,0,1.271145896,0,0,0.699146341
3.462402333,0,0,1.286223765,0,0,0.77376
3.464002333,0,0,1.282653636,0,0,0.443352
3.465602333,0,0,1.284462588,0,0,0.742317333
3.467202333,0,0,1.339901658,0,0,0.676069333
3.468802333,0,0,1.265766534,0,0,0.7292376
3.470402333,0,0,1.278726403,0,0,0.757289302
3.472002333,0,0,1.266755395,0,0,0.723513488
3.473602333,0,0,1.300764668,0,0,1.159030638
3.475202333,0,0,1.240092364,0,0,0.691283478
3.476802333,0,0,1.325789169,0,0,0.528130909
3.478402333,0,0,1.298505246,0,0,0.773955
3.480002333,0,0,1.264187338,0,0,0.79248
3.481602333,0,0,1.292928752,0,0,0.772044
3.483202333,0,0,1.267779658,0,0,0.75166
3.484802333,0,0,1.295916062,0,0,0.776560909
3.486402333,0,0,1.257151317,0,0,0.77844
3.488002333,0,0,1.310996423,0,0,0.49686
3.489602333,0,0,1.272689197,0,0,0.72228
3.491202333,0,0,1.273246852,0,0,0.70623913
3.492802333,0,0,1.297841469,0,0,0.78792
3.494402333,0,0,1.305987126,0,0,0.404495
3.496002333,0,0,1.244516433,0,0,0.471933913
3.497602333,0,0,1.306861675,0,0,0.786482667
3.499202333,0,0,1.288705068,0,0,0.729503478
3.500802333,0,0,1.30454063,0,0,0.659295
3.502402333,0,0,1.290474695,0,0,0.8099
3.504002333,0,0,1.296431001,0,0,0.479148293
3.505602333,0,0,1.265289535,0,0,0.76881
3.507202333,0,0,1.289027038,0,0,0.78039907
3.508802333,0,0,1.276960757,0,0,0.752509333
3.510402333,0,0,1.332453031,0,0,0.784784
3.512002333,0,0,1.286675201,0,0,0.488551304
3.513602333,0,0,1.309745098,0,0,0.777450732
3.515202333,0,0,1.254112757,0,0,0.7245875
3.516802333,0,0,1.273166612,0,0,0.5016375
3.518402333,0,0,1.266266656,0,0,0.465434667
3.520002333,0,0,1.287601653,0,0,0.648890667
3.521602333,0,0,1.281990893,0,0,0.714547826
3.523202333,0,0,1.323558209,0,0,0.741815455
3.524802333,0,0,1.234102128,0,0,0.700120909
3.526402333,0,0,1.27435048,0,0,0.71916
3.528002333,0,0,1.272917216,0,0,0.761002667
3.529602333,0,0,1.289876144,0,0,0.767874545
3.531202333,0,0,1.281661995,0,0,0.783916596
3.532802333,0,0,1.343255959,0,0,0.507283636
3.534402333,0,0,1.265085021,0,0,0.805286512
3.536002333,0,0,1.295627433,0,0,0.82256087
3.537602333,0,0,1.2490601,0,0,0.730245957
3.539202333,0,0,1.249241222,0,0,0.896896
3.540802333,0,0,1.325571515,0,0,0.460377273
3.542402333,0,0,1.268519356,0,0,0.416354043
3.544002333,0,0,1.331335736,0,0,0.173264
3.545602333,0,0,1.301411843,0,0,0.752239091
3.547202333,0,0,1.263390289,0,0,0.767585
3.548802333,0,0,1.252752718,0,0,0.475626667
3.550402333,0,0,1.272246114,0,0,0.747027273
3.552002333,0,0,1.285590523,0,0,0.8041488
3.553602333,0,0,1.326329325,0,0,0.76067122
3.555202333,0,0,1.272747414,0,0,0.559475745
3.556802333,0,0,1.277445783,0,0,0.810619535
3.558402333,0,0,1.253364569,0,0,0.7613424
3.560002333,0,0,1.297976527,0,0,0.599629333
3.561602333,0,0,1.261159026,0,0,0.754208
3.563202333,0,0,1.307180902,0,0,0.250310222
3.564802333,0,0,1.290943126,0,0,0.495198261
3.566402333,0,0,1.289391604,0,0,0.74802
3.568002333,0,0,1.267330745,0,0,0.786882353
3.569602333,0,0,1.272490343,0,0,0.730624186
3.571202333,0,0,1.245148104,0,0,0.469063636
3.572802333,0,0,1.30060401,0,0,0.72618
3.574402333,0,0,1.283355095,0,0,0.510941053
3.576002333,0,0,1.334871521,0,0,0.779355652
3.577602333,0,0,1.292336852,0,0,0.601328
3.579202333,0,0,1.268877001,0,0,0.7341425
3.580802333,0,0,1.267649972,0,0,0.103618667
3.582402333,0,0,1.300849569,0,0,0.750810667
3.584002333,0,0,1.273975523,0,0,0.66968087
3.585602333,0,0,1.30739025,0,0,0.74612087
3.587202333,0,0,1.271834125,0,0,0.77714
3.588802333,0,0,1.270423256,0,0,0.767585
3.590402333,0,0,1.243388729,0,0,0.5096
3.592002333,0,0,1.30537195,0,0,0.467133333
3.593602333,0,0,1.290719001,0,0,0.75972
3.595202333,0,0,1.325190619,0,0,0.594147273
3.596802333,0,0,1.292868896,0,0,0.583077209
3.598402333,0,0,1.264032068,0,0,0.540176
3.600002333,0,0,1.253339099,0,0,0.753015319
3.601602333,0,0,1.274377509,0,0,0.370815319
3.603202333,0,0,1.265029342,0,0,0.771510698
3.604802333,0,0,1.277526461,0,0,0.7098
3.606402333,0,0,1.307067069,0,0,0.558189767
3.608002333,0,0,1.267521588,0,0,0.74612087
3.609602333,0,0,1.280489122,0,0,0.734569756
3.611202333,0,0,1.263405558,0,0,0.84084
3.612802333,0,0,1.290307657,0,0,0.712847442
3.614402333,0,0,1.294432457,0,0,0.71136
3.616002333,0,0,1.307180902,0,0,1.132404444
3.617602333,0,0,1.274263954,0,0,0.761215
3.619202333,0,0,1.274416025,0,0,0.792365854
3.620802333,0,0,1.245559472,0,0,0.7368816
3.622402333,0,0,1.300769762,0,0,0.737646
3.624002333,0,0,1.276109485,0,0,0.670069787
3.625602333,0,0,1.299166688,0,0,0.721194783
3.627202333,0,0,1.300624028,0,0,0.749444348
3.628802333,0,0,1.271974046,0,0,0.948550909
3.630402333,0,0,1.258829595,0,0,0.797634783
3.632002333,0,0,1.286756041,0,0,0.705850213
3.633602333,0,0,1.230563974,0,0,0.471083721
3.635202333,0,0,1.301697515,0,0,0.3774225
3.636802333,0,0,1.25352781,0,0,0.53508
3.638402333,0,0,1.290627516,0,0,0.572486809
3.640002333,0,0,1.270176029,0,0,0.766061739
3.641602333,0,0,1.299998297,0,0,0.749112
3.643202333,0,0,1.300477137,0,0,0.691357333
3.644802333,0,0,1.308354797,0,0,0.740004255
3.646402333,0,0,1.280578661,0,0,0.575848
3.648002333,0,0,1.276369724,0,0,0.757753043
3.649602333,0,0,1.254235188,0,0,0.736603636
3.651202333,0,0,1.301325013,0,0,0.728619574
3.652802333,0,0,1.279232357,0,0,0.804281739
3.654402333,0,0,1.28122437,0,0,0.670587273
3.656002333,0,0,1.249565075,0,0,0.254246087
3.657602333,0,0,1.28157451,0,0,0.762738261
3.659202333,0,0,1.268822784,0,0,0.712886087
3.660802333,0,0,1.277360999,0,0,1.168564545
3.662402333,0,0,1.28204511,0,0,0.49686
3.664002333,0,0,1.303044254,0,0,0.694909091
3.665602333,0,0,1.256849463,0,0,0.766098667
3.667202333,0,0,1.279755201,0,0,0.806094545
3.668802333,0,0,1.236274044,0,0,0.787169362
3.670402333,0,0,1.297402598,0,0,0.557849362
3.672002333,0,0,1.225123872,0,0,0.743552727
3.673602333,0,0,1.322414364,0,0,0.53508
3.675202333,0,0,1.286665738,0,0,0.495122727
3.676802333,0,0,1.286176015,0,0,0.731391818
3.678402333,0,0,1.246614958,0,0,0.822949787
3.680002333,0,0,1.278154532,0,0,0.7468825
3.681602333,0,0,1.258266982,0,0,0.54418
3.683202333,0,0,1.290225299,0,0,0.5717075
3.684802333,0,0,1.301541227,0,0,0.720234667
3.686402333,0,0,1.291047221,0,0,0.749444348
3.688002333,0,0,1.25516022,0,0,0.786984545
3.689602333,0,0,1.283444911,0,0,0.79692766
3.691202333,0,0,1.273868105,0,0,0.735125106
3.692802333,0,0,1.288134907,0,0,0.741815455
3.694402333,0,0,1.297032725,0,0,0.520124348
3.696002333,0,0,1.263553227,0,0,0.781386667
3.697602333,0,0,1.282401224,0,0,0.743067907
3.699202333,0,0,1.255498531,0,0,0.72618
3.700802333,0,0,1.320037881,0,0,0.523447826
3.702402333,0,0,1.242132197,0,0,0.72048766
3.704002333,0,0,1.319775163,0,0,0.74438
3.705602333,0,0,1.302589355,0,0,0.7460544
3.707202333,0,0,1.309628308,0,0,0.72618
3.708802333,0,0,1.249134813,0,0,0.721933333
3.710402333,0,0,1.291723844,0,0,0.697930435
3.712002333,0,0,1.258533868,0,0,0.542029091
3.713602333,0,0,1.297096955,0,0,0.705850213
3.715202333,0,0,1.324401042,0,0,0.520442553
3.716802333,0,0,1.273864921,0,0,0.570115
3.718402333,0,0,1.294125852,0,0,0.273273
3.720002333,0,0,1.245443327,0,0,0.59525617
3.721602333,0,0,1.302119221,0,0,0.578511818
3.723202333,0,0,1.282251133,0,0,0.757753043
3.724802333,0,0,1.323142246,0,0,0.691357333
3.726402333,0,0,1.277670921,0,0,0.682974783
3.728002333,0,0,1.33635428,0,0,0.522636279
3.729602333,0,0,1.233721233,0,0,0.741815455
3.731202333,0,0,1.271321082,0,0,0.735125106
3.732802333,0,0,1.260078743,0,0,0.78267913
3.734402333,0,0,1.31347985,0,0,0.28581913
3.736002333,0,0,1.300832219,0,0,0.812590435
3.737602333,0,0,1.297178459,0,0,0.801770667
3.739202333,0,0,1.295316303,0,0,0.793277333
3.740802333,0,0,1.220319018,0,0,0.730624186
3.742402333,0,0,1.316312121,0,0,0.7214025
3.744002333,0,0,1.260520572,0,0,0.329541333
3.745602333,0,0,1.30983207,0,0,0.740004255
3.747202333,0,0,1.291432375,0,0,0.752509333
3.748802333,0,0,1.325789169,0,0,0.470800909
3.750402333,0,0,1.223038015,0,0,0.4368
3.752002333,0,0,1.228531094,0,0,0.569234043
3.753602333,0,0,1.282375162,0,0,0.333408511
3.755202333,0,0,1.273373254,0,0,0.51324
3.756802333,0,0,1.3273454,0,0,0.711741333
3.758402333,0,0,1.261091311,0,0,0.545503636
3.760002333,0,0,1.322397384,0,0,0.65156
3.761602333,0,0,1.221654132,0,0,0.582245106
3.763202333,0,0,1.283700856,0,0,0.505249756
3.764802333,0,0,1.266668199,0,0,0.703824906
3.766402333,0,0,1.266897013,0,0,0.352288696
3.768002333,0,0,1.335804913,0,0,0.81536
3.769602333,0,0,1.296460199,0,0,1.154666364
3.771202333,0,0,1.252004227,0,0,0.785247273
3.772802333,0,0,1.26522675,0,0,0.797408182
3.774402333,0,0,1.25890464,0,0,0.735957209
3.776002333,0,0,1.254742364,0,0,0.601424151
3.777602333,0,0,1.310716582,0,0,0.823467273
3.779202333,0,0,1.303137361,0,0,0.798373333
3.780802333,0,0,1.272778422,0,0,0.508492174
3.782402333,0,0,1.275120575,0,0,0.742797391
3.784002333,0,0,1.273306517,0,0,0.202019512
3.785602333,0,0,1.262845608,0,0,0.7246512
3.787202333,0,0,1.288538957,0,0,0.523695319
3.788802333,0,0,1.314833094,0,0,0.498521739
3.790402333,0,0,1.265753171,0,0,0.766177674
3.792002333,0,0,1.26118393,0,0,0.766026383
3.793602333,0,0,1.285260656,0,0,0.482421333
3.795202333,0,0,1.261076126,0,0,0.554634419
3.796802333,0,0,1.25639253,0,0,0.731425882
3.798402333,0,0,1.284302975,0,0,0.550368
3.800002333,0,0,1.255976425,0,0,0.444741818
3.801602333,0,0,1.274762746,0,0,0.6927375
3.803202333,0,0,1.274726168,0,0,0.655685333
3.804802333,0,0,1.275767456,0,0,0.66794
3.806402333,0,0,1.286571105,0,0,1.099478261
3.808002333,0,0,1.270267633,0,0,0.6680856
3.809602333,0,0,1.314469916,0,0,0.78988
3.811202333,0,0,1.286465799,0,0,0.737734884
3.812802333,0,0,1.261052617,0,0,0.791578667
3.814402333,0,0,1.299322831,0,0,0.781017391
3.816002333,0,0,1.270066976,0,0,0.72254
3.817602333,0,0,1.291413597,0,0,0.774891765
3.819202333,0,0,1.296332848,0,0,0.674948936
3.820802333,0,0,1.292608657,0,0,0.676327826
3.822402333,0,0,1.259179059,0,0,0.74074
3.824002333,0,0,1.275361297,0,0,0.7659925
3.825602333,0,0,1.262884371,0,0,0.266369524
3.827202333,0,0,1.291391623,0,0,0.717234894
3.828802333,0,0,1.27077241,0,0,0.691145
3.830402333,0,0,1.281044472,0,0,1.155403265
3.832002333,0,0,1.288379768,0,0,0.193011
3.833602333,0,0,1.27720249,0,0,0.724518261
3.835202333,0,0,1.325897997,0,0,0.434318182
3.836802333,0,0,1.288581605,0,0,0.501304186
3.838402333,0,0,1.27720249,0,0,0.673004348
3.840002333,0,0,1.29332932,0,0,0.6468
3.841602333,0,0,1.272246114,0,0,0.561139091
3.843202333,0,0,1.285790387,0,0,0.352288696
3.844802333,0,0,1.316411879,0,0,0.7644
3.846402333,0,0,1.279013091,0,0,0.559475745
3.848002333,0,0,1.256530236,0,0,0.730426667
3.849602333,0,0,1.310137713,0,0,0.746509787
3.851202333,0,0,1.281179559,0,0,0.524588235
3.852802333,0,0,1.280708872,0,0,0.750318947
3.854402333,0,0,1.246830394,0,0,0.945945
3.856002333,0,0,1.292868896,0,0,0.804357273
3.857602333,0,0,1.277360999,0,0,0.762662727
3.859202333,0,0,1.249773267,0,0,0.769496
3.860802333,0,0,1.316449524,0,0,0.585559245
3.862402333,0,0,1.261243163,0,0,0.721735814
3.864002333,0,0,1.303813818,0,0,0.77896
3.865602333,0,0,1.273194805,0,0,0.691283478
3.867202333,0,0,1.297874955,0,0,0.759188182
3.868802333,0,0,1.264564112,0,0,0.502805333
3.870402333,0,0,1.300611847,0,0,0.779037447
3.872002333,0,0,1.278198044,0,0,0.707476596
3.873602333,0,0,1.29515174,0,0,0.744845581
3.875202333,0,0,1.263811995,0,0,0.750501818
3.876802333,0,0,1.326333306,0,0,0.750501818
3.878402333,0,0,1.286362914,0,0,0.74612087
3.880002333,0,0,1.297330818,0,0,0.774823636
3.881602333,0,0,1.255245728,0,0,0.56472
3.883202333,0,0,1.274704193,0,0,0.719533043
3.884802333,0,0,1.278386896,0,0,0.665587317
3.886402333,0,0,1.300107181,0,0,0.657739535
3.888002333,0,0,1.292816849,0,0,0.767723478
3.889602333,0,0,1.333466229,0,0,0.825884348
3.891202333,0,0,1.230047127,0,0,0.353950435
3.892802333,0,0,1.323394968,0,0,0.7468825
3.894402333,0,0,1.248725803,0,0,0.6258525
3.896002333,0,0,1.294963823,0,0,0.588588
3.897602333,0,0,1.26235556,0,0,0.740004255
3.899202333,0,0,1.30682534,0,0,0.190833171
3.900802333,0,0,1.280399096,0,0,0.110450833
3.902402333,0,0,1.274247328,0,0,0.720234667
3.904002333,0,0,1.275833231,0,0,0.34398
3.905602333,0,0,1.290864449,0,0,0.737734884
3.907202333,0,0,1.267534902,0,0,0.501304186
3.908802333,0,0,1.29014062,0,0,0.725291163
3.910402333,0,0,1.32102679,0,0,0.752767826
3.912002333,0,0,1.262392705,0,0,0.7564375
3.913602333,0,0,1.308335439,0,0,0.7934472
3.915202333,0,0,1.25091832,0,0,0.7644
3.916802333,0,0,1.313491679,0,0,0.309234545
3.918402333,0,0,1.285116243,0,0,0.5096
3.920002333,0,0,1.319041874,0,0,0.284912727
3.921602333,0,0,1.278753083,0,0,0.5589675
3.923202333,0,0,1.295315146,0,0,0.453654783
3.924802333,0,0,1.263161251,0,0,0.55224
3.926402333,0,0,1.292868896,0,0,0.706645333
3.928002333,0,0,1.282067149,0,0,0.771510698
3.929602333,0,0,1.279283194,0,0,0.471083721
3.931202333,0,0,1.281782702,0,0,0.80262
3.932802333,0,0,1.302810038,0,0,0.741135652
3.934402333,0,0,1.246181964,0,0,0.81536
3.936002333,0,0,1.289057718,0,0,0.76596
3.937602333,0,0,1.268203051,0,0,0.807064186
3.939202333,0,0,1.289114353,0,0,0.597621818
3.940802333,0,0,1.27581021,0,0,1.191782
3.942402333,0,0,1.297611257,0,0,0.68355
3.944002333,0,0,1.294854332,0,0,0.477283902
3.945602333,0,0,1.304595598,0,0,0.7332
3.947202333,0,0,1.274496001,0,0,0.736150435
3.948802333,0,0,1.316593258,0,0,0.536817273
3.950402333,0,0,1.28824753,0,0,0.755511628
3.952002333,0,0,1.313937871,0,0,0.759304
3.953602333,0,0,1.26356595,0,0,0.7644
3.955202333,0,0,1.298106213,0,0,0.5143775
3.956802333,0,0,1.28578605,0,0,0.691145
3.958402333,0,0,1.322119795,0,0,0.727841739
3.960002333,0,0,1.254987306,0,0,0.485818667
3.961602333,0,0,1.292640877,0,0,0.85358
3.963202333,0,0,1.256027508,0,0,0.78624
3.964802333,0,0,1.30772383,0,0,0.500334545
3.966402333,0,0,1.277206827,0,0,0.6991075
3.968002333,0,0,1.304024857,0,0,0.304714043
3.969602333,0,0,1.252805922,0,0,0.716837333
3.971202333,0,0,1.296766434,0,0,0.727068837
3.972802333,0,0,1.256903824,0,0,0.692945217
3.974402333,0,0,1.256302907,0,0,0.693171818
3.976002333,0,0,1.327684579,0,0,0.52871
3.977602333,0,0,1.28839972,0,0,0.755906667
3.979202333,0,0,1.286452436,0,0,0.7644
3.980802333,0,0,1.253484279,0,0,0.705159
3.982402333,0,0,1.279804883,0,0,0.32403913
3.984002333,0,0,1.280490364,0,0,0.592003404
3.985602333,0,0,1.336656185,0,0,0.777989333
3.987202333,0,0,1.284565601,0,0,0.759520851
3.988802333,0,0,1.292088179,0,0,0.847486957
3.990402333,0,0,1.253135337,0,0,0.790422128
3.992002333,0,0,1.286503824,0,0,0.507114146
3.993602333,0,0,1.249882094,0,0,0.528130909
3.995202333,0,0,1.311411224,0,0,0.722114043
3.996802333,0,0,1.265127386,0,0,0.704577391
3.998402333,0,0,1.339384814,0,0,0.72852
4.000002333,0,0,1.253780952,0,0,0.47691913
4.001602333,0,0,1.267620952,0,0,0.734866364
4.003202333,0,0,1.266883049,0,0,0.693553171
4.004802333,0,0,1.315913087,0,0,0.075415833
4.006402333,0,0,1.277990643,0,0,0.70798
4.008002333,0,0,1.313477809,0,0,0.571051765
4.009602333,0,0,1.280153025,0,0,0.781386667
4.011202333,0,0,1.283400917,0,0,0.158091818
4.012802333,0,0,1.244876036,0,0,0.548978182
4.014402333,0,0,1.295541494,0,0,0.769733023
4.016002333,0,0,1.272622278,0,0,0.563329565
4.017602333,0,0,1.314104424,0,0,0.70623913
4.019202333,0,0,1.32096412,0,0,0.60528
4.020802333,0,0,1.284005256,0,0,0.766026383
4.022402333,0,0,1.235463736,0,0,0.74840093
4.024002333,0,0,1.273364912,0,0,0.425080976
4.025602333,0,0,1.249382377,0,0,0.52728
4.027202333,0,0,1.316639899,0,0,0.45136
4.028802333,0,0,1.312836538,0,0,0.7429968
4.030402333,0,0,1.297084773,0,0,0.781017391
4.032002333,0,0,1.269458925,0,0,0.718536
4.033602333,0,0,1.266365641,0,0,0.602631628
4.035202333,0,0,1.253092501,0,0,0.521181818
4.036802333,0,0,1.285788172,0,0,0.73187234
4.038402333,0,0,1.333570325,0,0,0.529984
4.040002333,0,0,1.278104653,0,0,0.5366725
4.041602333,0,0,1.273871427,0,0,0.599887826
4.043202333,0,0,1.255093715,0,0,0.58604
4.044802333,0,0,1.257069881,0,0,0.90454
4.046402333,0,0,1.283812568,0,0,0.719533043
4.048002333,0,0,1.335858117,0,0,0.450146667
4.049602333,0,0,1.270523014,0,0,0.7277725
4.051202333,0,0,1.299367444,0,0,1.166323265
4.052802333,0,0,1.213334685,0,0,0.527622439
4.054402333,0,0,1.273766224,0,0,0.299254468
4.056002333,0,0,1.236926331,0,0,0.753213659
4.057602333,0,0,1.334019238,0,0,0.7691775
4.059202333,0,0,1.312660964,0,0,0.783085333
4.060802333,0,0,1.356850115,0,0,0.787169362
4.062402333,0,0,1.242939816,0,0,0.5685225
4.064002333,0,0,1.278340446,0,0,0.776560909
4.065602333,0,0,1.234350154,0,0,0.666627907
4.067202333,0,0,1.295263098,0,0,0.742317333
4.068802333,0,0,1.321078838,0,0,0.59324087
4.070402333,0,0,1.326238082,0,0,0.70707
4.072002333,0,0,1.259350073,0,0,0.7341425
4.073602333,0,0,1.254784386,0,0,0.776843721
4.075202333,0,0,1.242750275,0,0,0.757605333
4.076802333,0,0,1.285626436,0,0,0.221676
4.078402333,0,0,1.296710755,0,0,0.469306047
4.080002333,0,0,1.337544699,0,0,0.7628712
4.081602333,0,0,1.284514661,0,0,0.749762553
4.083202333,0,0,1.277865233,0,0,0.757605333
4.084802333,0,0,1.270436268,0,0,0.427066957
4.086402333,0,0,1.291759388,0,0,0.708468293
4.088002333,0,0,1.241699796,0,0,0.709292093
4.089602333,0,0,1.317071152,0,0,0.74612087
4.091202333,0,0,1.308580845,0,0,0.5844475
4.092802333,0,0,1.300051501,0,0,0.800072
4.094402333,0,0,1.242441024,0,0,0.50323
4.096002333,0,0,1.264309491,0,0,0.74438
4.097602333,0,0,1.231417721,0,0,0.774592
4.099202333,0,0,1.317028568,0,0,0.514232727
4.100802333,0,0,1.261841997,0,0,0.5304
4.102402333,0,0,1.312178653,0,0,0.709562609
4.104002333,0,0,1.250435493,0,0,1.235470638
4.105602333,0,0,1.298993598,0,0,0.769733023
4.107202333,0,0,1.254136034,0,0,0.805168
4.108802333,0,0,1.299424449,0,0,0.80626
4.110402333,0,0,1.338749618,0,0,0.76596
4.112002333,0,0,1.296944133,0,0,0.541585532
4.113602333,0,0,1.30315887,0,0,0.744883404
4.115202333,0,0,1.256902667,0,0,0.749112
4.116802333,0,0,1.284462588,0,0,0.472229333
4.118402333,0,0,1.247721094,0,0,0.65702
4.120002333,0,0,1.284107137,0,0,0.733498723
4.121602333,0,0,1.248767702,0,0,0.7124208
4.123202333,0,0,1.300408085,0,0,0.587124255
4.124802333,0,0,1.271042686,0,0,0.730624186
4.126402333,0,0,1.305329628,0,0,0.531605455
4.128002333,0,0,1.251022415,0,0,0.749444348
4.129602333,0,0,1.34183032,0,0,0.712803
4.131202333,0,0,1.276451514,0,0,0.75348
4.132802333,0,0,1.296842252,0,0,0.504178723
4.134402333,0,0,1.286185084,0,0,0.5908175
4.136002333,0,0,1.299828785,0,0,0.712847442
4.137602333,0,0,1.25266626,0,0,0.4697875
4.139202333,0,0,1.290987738,0,0,0.70252
4.140802333,0,0,1.272119149,0,0,0.083840889
4.142402333,0,0,1.261588131,0,0,0.466948696
4.144002333,0,0,1.263755404,0,0,0.7598136
4.145602333,0,0,1.280244924,0,0,0.741815455
4.147202333,0,0,1.281712936,0,0,0.738377872
4.148802333,0,0,1.319858079,0,0,0.300548182
4.150402333,0,0,1.264879539,0,0,0.5005
4.152002333,0,0,1.265734611,0,0,0.7628075
4.153602333,0,0,1.291379171,0,0,0.820456
4.155202333,0,0,1.300149224,0,0,0.79404
4.156802333,0,0,1.277865233,0,0,0.292170667
4.158402333,0,0,1.313397902,0,0,0.53508
4.160002333,0,0,1.290920128,0,0,0.002412093
4.161602333,0,0,1.303914872,0,0,0.703595455
4.163202333,0,0,1.245357295,0,0,0.801770667
4.164802333,0,0,1.29726641,0,0,0.53664
4.166402333,0,0,1.270256992,0,0,0.774592
4.168002333,0,0,1.294864065,0,0,0.49049
4.169602333,0,0,1.285899109,0,0,0.755906667
4.171202333,0,0,1.303447927,0,0,0.460417674
4.172802333,0,0,1.238437455,0,0,0.77376
4.174402333,0,0,1.269744412,0,0,0.706603902
4.176002333,0,0,1.245846776,0,0,0.7353528
4.177602333,0,0,1.304839905,0,0,0.582642667
4.179202333,0,0,1.284973125,0,0,0.82457617
4.180802333,0,0,1.278503687,0,0,0.531605455
4.182402333,0,0,1.276003076,0,0,0.811962667
4.184002333,0,0,1.228704292,0,0,0.730426667
4.185602333,0,0,1.283564158,0,0,0.469063636
4.187202333,0,0,1.288184589,0,0,0.810928696
4.188802333,0,0,1.327804696,0,0,0.75816
4.190402333,0,0,1.299507365,0,0,1.213733636
4.192002333,0,0,1.30077533,0,0,0.696848372
4.193602333,0,0,1.245932568,0,0,0.7245875
4.195202333,0,0,1.289862225,0,0,0.791065116
4.196802333,0,0,1.26736332,0,0,0.61464
4.198402333,0,0,1.32328614,0,0,0.72618
4.200002333,0,0,1.291472279,0,0,0.7309575
4.201602333,0,0,1.284294314,0,0,0.702181395
4.203202333,0,0,1.252716139,0,0,0.71981
4.204802333,0,0,1.294604693,0,0,0.475839
4.206402333,0,0,1.26736332,0,0,0.69576
4.208002333,0,0,1.325988686,0,0,0.52052
4.209602333,0,0,1.288080493,0,0,0.760073208
4.211202333,0,0,1.300303523,0,0,0.531056842
4.212802333,0,0,1.264936544,0,0,0.788381176
4.214402333,0,0,1.274672964,0,0,0.708981
4.216002333,0,0,1.264288114,0,0,0.7436975
4.217602333,0,0,1.314977056,0,0,0.788795745
4.219202333,0,0,1.267314458,0,0,0.73632
4.220802333,0,0,1.294604693,0,0,0.770133
4.222402333,0,0,1.286806982,0,0,0.766026383
4.224002333,0,0,1.309149468,0,0,0.735522667
4.225602333,0,0,1.272205895,0,0,0.697930435
4.227202333,0,0,1.317868816,0,0,0.520858605
4.228802333,0,0,1.285736171,0,0,0.761215
4.230402333,0,0,1.281844433,0,0,0.787509767
4.232002333,0,0,1.270423256,0,0,0.5303025
4.233602333,0,0,1.29302851,0,0,0.801770667
4.235202333,0,0,1.246462137,0,0,0.539959149
4.236802333,0,0,1.281120605,0,0,0.785732093
4.238402333,0,0,1.31084984,0,0,0.80964
4.240002333,0,0,1.297014953,0,0,0.715925854
4.241602333,0,0,1.29861498,0,0,0.558012
4.243202333,0,0,1.281961978,0,0,0.754208
4.244802333,0,0,1.287761266,0,0,0.788181333
4.246402333,0,0,1.274885782,0,0,0.784784
4.248002333,0,0,1.313671849,0,0,0.759304
4.249602333,0,0,1.30228956,0,0,0.777693913
4.251202333,0,0,1.289517014,0,0,0.742317333
4.252802333,0,0,1.261796323,0,0,0.82256087
4.254402333,0,0,1.286633996,0,0,0.5239325
4.256002333,0,0,1.262746499,0,0,0.709292093
4.257602333,0,0,1.319153067,0,0,0.526178261
4.259202333,0,0,1.277865233,0,0,0.538477333
4.260802333,0,0,1.290318551,0,0,0.711224348
4.262402333,0,0,1.242794423,0,0,0.697718298
4.264002333,0,0,1.297497686,0,0,0.706645333
4.265602333,0,0,1.290169052,0,0,0.556222979
4.267202333,0,0,1.327724018,0,0,0.472861395
4.268802333,0,0,1.305094607,0,0,0.746509787
4.270402333,0,0,1.284888224,0,0,0.777989333
4.272002333,0,0,1.268820471,0,0,0.73892
4.273602333,0,0,1.282094989,0,0,0.766137273
4.275202333,0,0,1.272151723,0,0,0.546
4.276802333,0,0,1.319905857,0,0,0.732705366
4.278402333,0,0,1.293068413,0,0,0.3328325
4.280002333,0,0,1.334559234,0,0,0.839178261
4.281602333,0,0,1.254348852,0,0,0.541874667
4.283202333,0,0,1.265734611,0,0,0.715138667
4.284802333,0,0,1.255602627,0,0,0.696268696
4.286402333,0,0,1.319048971,0,0,0.712886087
4.288002333,0,0,1.309739666,0,0,0.746623256
4.289602333,0,0,1.318062428,0,0,0.526393636
4.291202333,0,0,1.276842404,0,0,0.70824
4.292802333,0,0,1.255017708,0,0,0.7917
4.294402333,0,0,1.220945124,0,0,0.56628
4.296002333,0,0,1.284489191,0,0,0.750501818
4.297602333,0,0,1.306245197,0,0,0.334009565
4.299202333,0,0,1.303614964,0,0,0.70395907
4.300802333,0,0,1.27516178,0,0,0.55419
4.302402333,0,0,1.285047838,0,0,0.582642667
4.304002333,0,0,1.22265633,0,0,0.804281739
4.305602333,0,0,1.282440818,0,0,0.715138667
4.307202333,0,0,1.280702443,0,0,0.70824
4.308802333,0,0,1.326639741,0,0,0.708075789
4.310402333,0,0,1.295885591,0,0,1.1384104
4.312002333,0,0,1.272153847,0,0,0.543388696
4.313602333,0,0,1.251242436,0,0,0.717493636
4.315202333,0,0,1.276873592,0,0,0.50255234
4.316802333,0,0,1.281814816,0,0,0.741630638
4.318402333,0,0,1.292542414,0,0,0.562876364
4.320002333,0,0,1.343519563,0,0,0.924074667
4.321602333,0,0,1.281001984,0,0,0.842501739
4.323202333,0,0,1.283444911,0,0,0.809938723
4.324802333,0,0,1.233772992,0,0,0.745756098
4.326402333,0,0,1.271177429,0,0,0.741468
4.328002333,0,0,1.316238387,0,0,0.70623913
4.329602333,0,0,1.334628228,0,0,0.526191628
4.331202333,0,0,1.264845854,0,0,0.769611818
4.332802333,0,0,1.283780702,0,0,0.53508
4.334402333,0,0,1.221042847,0,0,0.775586341
4.336002333,0,0,1.29882997,0,0,0.53352
4.337602333,0,0,1.275402107,0,0,0.719230909
4.339202333,0,0,1.299901864,0,0,0.7341425
4.340802333,0,0,1.276223494,0,0,0.52052
4.342402333,0,0,1.33749274,0,0,0.775784681
4.344002333,0,0,1.238074327,0,0,0.733129091
4.345602333,0,0,1.272490343,0,0,0.693293023
4.347202333,0,0,1.261848371,0,0,0.689621739
4.348802333,0,0,1.303422928,0,0,0.69888
4.350402333,0,0,1.28891568,0,0,0.755511628
4.352002333,0,0,1.325642857,0,0,0.71344
4.353602333,0,0,1.259998503,0,0,0.81536
4.355202333,0,0,1.260718188,0,0,0.9464
4.356802333,0,0,1.271512618,0,0,0.7368816
4.358402333,0,0,1.282151994,0,0,0.48958
4.360002333,0,0,1.297358025,0,0,0.7373275
4.361602333,0,0,1.289391604,0,0,0.56056
4.363202333,0,0,1.29563553,0,0,0.528285333
4.364802333,0,0,1.268146162,0,0,0.034896522
4.366402333,0,0,1.228503847,0,0,0.737734884
4.368002333,0,0,1.277722969,0,0,0.756091304
4.369602333,0,0,1.278112796,0,0,0.80808
4.371202333,0,0,1.288896698,0,0,0.545503636
4.372802333,0,0,1.278555734,0,0,0.742797391
4.374402333,0,0,1.28655691,0,0,0.486436364
4.376002333,0,0,1.239770824,0,0,0.832346667
4.377602333,0,0,1.299049278,0,0,0.527969302
4.379202333,0,0,1.26230462,0,0,0.722114043
4.380802333,0,0,1.311241792,0,0,0.747782609
4.382402333,0,0,1.289048362,0,0,0.761147234
4.384002333,0,0,1.265419096,0,0,0.463973023
4.385602333,0,0,1.295462615,0,0,0.7341425
4.387202333,0,0,1.273882321,0,0,0.721735814
4.388802333,0,0,1.275589006,0,0,0.722856522
4.390402333,0,0,1.281158127,0,0,0.704577391
4.392002333,0,0,1.276599208,0,0,0.747027273
4.393602333,0,0,1.267543563,0,0,0.808565333
4.395202333,0,0,1.298634525,0,0,0.57564
4.396802333,0,0,1.256955872,0,0,0.68796
4.398402333,0,0,1.297072051,0,0,0.514696
4.400002333,0,0,1.259882118,0,0,0.788181333
4.401602333,0,0,1.296824534,0,0,0.727841739
4.403202333,0,0,1.255412942,0,0,0.777989333
4.404802333,0,0,1.310341475,0,0,0.925411915
4.406402333,0,0,1.277865233,0,0,0.693056
4.408002333,0,0,1.301062387,0,0,0.696453333
4.409602333,0,0,1.282121591,0,0,1.112020444
4.411202333,0,0,1.325376835,0,0,0.715138667
4.412802333,0,0,1.244027183,0,0,0.445050667
4.414402333,0,0,1.279035731,0,0,1.020898667
4.416002333,0,0,1.260646932,0,0,0.80899
4.417602333,0,0,1.310852011,0,0,0.58604
4.419202333,0,0,1.283135946,0,0,0.634784348
4.420802333,0,0,1.302891136,0,0,0.734179535
4.422402333,0,0,1.284310899,0,0,0.761147234
4.424002333,0,0,1.284660205,0,0,0.82992
4.425602333,0,0,1.275833231,0,0,0.69678
4.427202333,0,0,1.294518235,0,0,0.73892
4.428802333,0,0,1.276490381,0,0,0.757450909
4.430402333,0,0,1.298021635,0,0,0.729503478
4.432002333,0,0,1.275380815,0,0,0.719533043
4.433602333,0,0,1.290363337,0,0,0.744845581
4.435202333,0,0,1.259150556,0,0,0.710255
4.436802333,0,0,1.292283647,0,0,0.754208
4.438402333,0,0,1.293901689,0,0,0.711941176
4.440002333,0,0,1.305453803,0,0,0.64876
4.441602333,0,0,1.279269831,0,0,0.7154784
4.443202333,0,0,1.305897808,0,0,0.556412093
4.444802333,0,0,1.259700444,0,0,0.809145366
4.446402333,0,0,1.303854057,0,0,0.717936471
4.448002333,0,0,1.281763876,0,0,0.356177872
4.449602333,0,0,1.289144583,0,0,0.728728
4.451202333,0,0,1.278448007,0,0,0.590187907
4.452802333,0,0,1.266074214,0,0,0.600135319
4.454402333,0,0,1.301020583,0,0,0.53144
4.456002333,0,0,1.251148659,0,0,0.783916596
4.457602333,0,0,1.321859556,0,0,0.488551304
4.459202333,0,0,1.285686292,0,0,0.7245875
4.460802333,0,0,1.319376129,0,0,0.23114
4.462402333,0,0,1.262508382,0,0,0.78066383
4.464002333,0,0,1.285940994,0,0,0.559475745
4.465602333,0,0,1.261026014,0,0,0.584766
4.467202333,0,0,1.307624997,0,0,0.78156
4.468802333,0,0,1.274326569,0,0,0.726993191
4.470402333,0,0,1.300207645,0,0,0.702915652
4.472002333,0,0,1.270228076,0,0,0.771046957
4.473602333,0,0,1.28602832,0,0,0.25844
4.475202333,0,0,1.264036596,0,0,0.56760766
4.476802333,0,0,1.313971279,0,0,0.73240186
4.478402333,0,0,1.26940572,0,0,0.504504
4.480002333,0,0,1.309211925,0,0,0.800958261
4.481602333,0,0,1.269090121,0,0,1.1842
4.483202333,0,0,1.336016574,0,0,0.752767826
4.484802333,0,0,1.265628202,0,0,0.555464
4.486402333,0,0,1.284941429,0,0,0.747413333
4.488002333,0,0,1.264954682,0,0,0.53508
4.489602333,0,0,1.293730809,0,0,0.5671848
4.491202333,0,0,1.268228571,0,0,0.7277725
4.492802333,0,0,1.327558218,0,0,0.769496
4.494402333,0,0,1.281387611,0,0,0.670587273
4.496002333,0,0,1.298102733,0,0,0.47463907
4.497602333,0,0,1.292868896,0,0,0.711741333
4.499202333,0,0,1.305484498,0,0,0.74382
