Time,AccelX1,AccelY1,AccelZ1,AccelX2,AccelY2,AccelZ2
0.00000463,0,0,-12.865840911865234,0,0,0.9172800183296204
0.001448578,0,0,-14.70518684387207,0,0,1.070159912109375
0.002831267,0,0,-14.704587936401367,0,0,0.7644000053405762
0.004224178,0,0,-6.123769283294678,0,0,0.7644000053405762
0.005604163,0,0,0.005985504016280174,0,0,0.611519992351532
0.006986538,0,0,-9.801262855529785,0,0,1.070159912109375
0.008368579,0,0,9.81263542175293,0,0,0.7644000053405762
0.009747916,0,0,7.97329044342041,0,0,0.611519992351532
0.01112692,0,0,7.360374450683594,0,0,0.9937199950218201
0.01252648,0,0,13.489530563354492,0,0,0.9172800183296204
0.013920224,0,0,-11.640009880065918,0,0,0.8408399820327759
0.015351579,0,0,1.2318167686462402,0,0,1.2994799613952637
0.01674962,0,0,7.97329044342041,0,0,0.9937199950218201
0.018139939,0,0,7.97329044342041,0,0,1.070159912109375
0.019532758,0,0,3.069965124130249,0,0,0.4586400091648102
0.02093091,0,0,10.424952507019043,0,0,0.9937199950218201
0.022322506,0,0,14.102446556091309,0,0,0.7644000053405762
0.023751417,0,0,8.58620548248291,0,0,0.8408399820327759
0.025146847,0,0,8.58620548248291,0,0,0.6879600286483765
0.026540165,0,0,-14.091672897338867,0,0,0.8408399820327759
0.027935577,0,0,16.554109573364258,0,0,0.5350799560546875
0.029329303,0,0,14.102446556091309,0,0,0.9937199950218201
0.030722621,0,0,-17.15625,0,0,1.070159912109375
0.032116866,0,0,1.8441338539123535,0,0,0.9172800183296204
0.033509685,0,0,15.328277587890625,0,0,0.9172800183296204
0.03493691,0,0,16.554109573364258,0,0,0.9172800183296204
0.036332766,0,0,3.069965124130249,0,0,0.9937199950218201
0.0377189,0,0,9.19972038269043,0,0,0.4586400091648102
0.039502122,0,0,-16.5433349609375,0,0,0.7644000053405762
0.040911514,0,0,-9.801262855529785,0,0,0.8408399820327759
0.042290407,0,0,-11.027094841003418,0,0,2.446079969406128
0.043669707,0,0,18.39285659790039,0,0,0.9172800183296204
0.045053193,0,0,-8.576030731201172,0,0,0.8408399820327759
0.046460178,0,0,-6.737283706665039,0,0,0.7644000053405762
0.047871348,0,0,-13.47875690460205,0,0,0.9172800183296204
0.049250704,0,0,5.522226333618164,0,0,0.8408399820327759
0.050630227,0,0,7.97329044342041,0,0,1.070159912109375
0.052014175,0,0,-11.640009880065918,0,0,0.9937199950218201
0.053393661,0,0,17.779939651489258,0,0,0.9937199950218201
0.054773683,0,0,-14.091672897338867,0,0,1.223039984703064
0.056155965,0,0,8.58620548248291,0,0,0.9937199950218201
0.057535728,0,0,-17.15625,0,0,0.9937199950218201
0.058915677,0,0,13.490129470825195,0,0,1.1466000080108643
0.060313069,0,0,14.103045463562012,0,0,0.611519992351532
0.061706018,0,0,-9.801262855529785,0,0,0.7644000053405762
0.063099392,0,0,7.973888874053955,0,0,1.1466000080108643
0.064492507,0,0,14.715362548828125,0,0,0.611519992351532
0.065883196,0,0,17.779939651489258,0,0,0.9937199950218201
0.067276978,0,0,-4.898536682128906,0,0,0.9937199950218201
0.068674278,0,0,-17.15625,0,0,0.611519992351532
0.070065226,0,0,3.6834793090820313,0,0,0.9937199950218201
0.071461119,0,0,-4.897938251495361,0,0,1.070159912109375
0.07285716,0,0,-5.5108537673950195,0,0,0.8408399820327759
0.074248849,0,0,-12.252326965332031,0,0,0.9172800183296204
0.075645075,0,0,-1.8339585065841675,0,0,0.6879600286483765
0.077041079,0,0,-6.124367713928223,0,0,0.9172800183296204
0.078434545,0,0,7.360374450683594,0,0,0.8408399820327759
0.07985953,0,0,-12.865840911865234,0,0,0.7644000053405762
0.081256108,0,0,-18.38148307800293,0,0,0.9172800183296204
0.082649057,0,0,-5.5108537673950195,0,0,0.7644000053405762
0.084045579,0,0,-11.027094841003418,0,0,0.9172800183296204
0.085435805,0,0,7.97329044342041,0,0,0.9937199950218201
0.086830513,0,0,-9.188945770263672,0,0,0.6879600286483765
0.08822698,0,0,15.328277587890625,0,0,0.5350799560546875
0.089617446,0,0,7.97329044342041,0,0,0.9172800183296204
0.091025061,0,0,0.005386953707784414,0,0,0.7644000053405762
0.092420639,0,0,-10.414178848266602,0,0,1.070159912109375
0.093812939,0,0,-18.382081985473633,0,0,0.8408399820327759
0.095225202,0,0,-0.6075286865234375,0,0,0.9937199950218201
0.098277966,0,0,15.328277587890625,0,0,0.6879600286483765
0.099683563,0,0,-1.2210428714752197,0,0,0.9172800183296204
0.101086178,0,0,1.8441338539123535,0,0,0.8408399820327759
0.102485292,0,0,1.2318167686462402,0,0,-8.790599822998047
0.103889315,0,0,2.4576480388641357,0,0,0.7644000053405762
0.105288782,0,0,-6.123769283294678,0,0,1.070159912109375
0.106687748,0,0,15.941792488098145,0,0,0.9172800183296204
0.108089622,0,0,-9.188945770263672,0,0,0.9172800183296204
0.109486848,0,0,12.876615524291992,0,0,1.070159912109375
0.110885574,0,0,-4.285621166229248,0,0,0.9172800183296204
0.112287523,0,0,9.812037467956543,0,0,0.305759996175766
0.113684545,0,0,11.038467407226563,0,0,1.070159912109375
0.115083438,0,0,-7.349600791931152,0,0,0.8408399820327759
0.116484997,0,0,-6.736684799194336,0,0,0.8408399820327759
0.117881945,0,0,-15.317503929138184,0,0,1.070159912109375
0.119281542,0,0,7.97329044342041,0,0,0.9172800183296204
0.120682416,0,0,-17.769166946411133,0,0,0.8408399820327759
0.122080179,0,0,9.199121475219727,0,0,0.9172800183296204
0.123479386,0,0,3.6834793090820313,0,0,0.7644000053405762
0.124879742,0,0,-16.542736053466797,0,0,0.9172800183296204
0.126278542,0,0,-18.994400024414063,0,0,0.9172800183296204
0.127678176,0,0,-2.446275472640991,0,0,1.1466000080108643
0.129079568,0,0,-19.607913970947266,0,0,0.7644000053405762
0.130476498,0,0,15.941193580627441,0,0,1.375920057296753
0.131877668,0,0,-19.607913970947266,0,0,0.6879600286483765
0.133276339,0,0,-16.5433349609375,0,0,0.9937199950218201
0.134675361,0,0,3.6834793090820313,0,0,1.223039984703064
0.13611655,0,0,6.7480573654174805,0,0,0.611519992351532
0.137516146,0,0,16.554109573364258,0,0,0.9172800183296204
0.138914946,0,0,-1.833359956741333,0,0,1.2994799613952637
0.140315524,0,0,12.876615524291992,0,0,0.8408399820327759
0.141713898,0,0,-12.865840911865234,0,0,0.9172800183296204
0.143112828,0,0,-12.253523826599121,0,0,1.1466000080108643
0.144513647,0,0,14.102446556091309,0,0,0.6879600286483765
0.145912058,0,0,-18.994997024536133,0,0,0.9172800183296204
0.147310543,0,0,2.4576480388641357,0,0,0.5350799560546875
0.148711325,0,0,-9.801262855529785,0,0,1.070159912109375
0.150110069,0,0,15.941792488098145,0,0,0.9172800183296204
0.151508647,0,0,0.005386953707784414,0,0,0.9172800183296204
0.152908966,0,0,-1.833359956741333,0,0,0.9937199950218201
0.154307118,0,0,0.005386953707784414,0,0,1.070159912109375
0.155739288,0,0,-1.8339585065841675,0,0,0.7644000053405762
0.157143569,0,0,-5.5108537673950195,0,0,0.9937199950218201
0.158547518,0,0,7.973888874053955,0,0,0.611519992351532
0.159975984,0,0,17.167024612426758,0,0,1.070159912109375
0.161385914,0,0,-11.640009880065918,0,0,0.7644000053405762
0.162781399,0,0,10.424952507019043,0,0,1.1466000080108643
0.164183662,0,0,5.521627902984619,0,0,0.7644000053405762
0.165578296,0,0,4.908711910247803,0,0,1.070159912109375
0.166976355,0,0,8.58620548248291,0,0,0.6879600286483765
0.168376914,0,0,-5.5108537673950195,0,0,1.1466000080108643
0.169774807,0,0,-12.252925872802734,0,0,0.9172800183296204
0.171172977,0,0,17.167024612426758,0,0,0.9172800183296204
0.172573481,0,0,4.908711910247803,0,0,1.223039984703064
0.173970541,0,0,0.005386953707784414,0,0,0.7644000053405762
0.17536947,0,0,7.97329044342041,0,0,0.9937199950218201
0.176797344,0,0,14.715362548828125,0,0,0.9172800183296204
0.178200385,0,0,-3.6727054119110107,0,0,0.8408399820327759
0.179600463,0,0,-11.026495933532715,0,0,0.9172800183296204
0.181002596,0,0,-5.5108537673950195,0,0,0.611519992351532
0.182451729,0,0,-9.188347816467285,0,0,0.6879600286483765
0.183861307,0,0,9.812037467956543,0,0,1.070159912109375
0.185261866,0,0,-8.575431823730469,0,0,1.070159912109375
0.186661981,0,0,5.521627902984619,0,0,0.9937199950218201
0.188061781,0,0,-6.123769283294678,0,0,0.8408399820327759
0.189461452,0,0,10.425551414489746,0,0,0.8408399820327759
0.190861659,0,0,17.16762351989746,0,0,0.7644000053405762
0.192261941,0,0,4.909310817718506,0,0,0.8408399820327759
0.193661093,0,0,14.715362548828125,0,0,0.9937199950218201
0.195061282,0,0,-4.285621166229248,0,0,1.070159912109375
0.196461378,0,0,17.779939651489258,0,0,0.9172800183296204
0.197860345,0,0,6.7474589347839355,0,0,1.070159912109375
0.199260978,0,0,-19.607913970947266,0,0,0.611519992351532
0.200660908,0,0,-12.865242958068848,0,0,1.375920057296753
0.202060134,0,0,-13.478157997131348,0,0,1.070159912109375
0.203459897,0,0,-19.607913970947266,0,0,1.070159912109375
0.204854271,0,0,-3.0591912269592285,0,0,0.9937199950218201
0.206239368,0,0,9.812037467956543,0,0,-8.714159965515137
0.207626964,0,0,17.167024612426758,0,0,0.6879600286483765
0.20902995,0,0,1.8441338539123535,0,0,0.9937199950218201
0.210429472,0,0,-9.801262855529785,0,0,0.7644000053405762
0.211854068,0,0,-3.6721067428588867,0,0,1.223039984703064
0.213254164,0,0,-7.9625163078308105,0,0,0.8408399820327759
0.214653705,0,0,0.005985504016280174,0,0,1.1466000080108643
0.216056098,0,0,-6.736684799194336,0,0,0.9937199950218201
0.21745375,0,0,15.941193580627441,0,0,0.9937199950218201
0.218852939,0,0,-4.898536682128906,0,0,0.4586400091648102
0.220255276,0,0,-6.737283706665039,0,0,0.9937199950218201
0.221653354,0,0,-10.414178848266602,0,0,0.5350799560546875
0.22305245,0,0,5.522226333618164,0,0,0.611519992351532
0.224453954,0,0,-4.897938251495361,0,0,0.5350799560546875
0.225851754,0,0,-8.575431823730469,0,0,0.6879600286483765
0.227251221,0,0,-11.027094841003418,0,0,0.6879600286483765
0.228652817,0,0,-18.382081985473633,0,0,1.070159912109375
0.230051062,0,0,6.7474589347839355,0,0,0.8408399820327759
0.231450714,0,0,9.812037467956543,0,0,0.7644000053405762
0.232852384,0,0,15.941193580627441,0,0,0.9937199950218201
0.234257129,0,0,-10.414178848266602,0,0,0.611519992351532
0.235665318,0,0,13.489530563354492,0,0,0.6879600286483765
0.237099673,0,0,9.81263542175293,0,0,0.9172800183296204
0.238496566,0,0,-2.4468741416931152,0,0,0.9937199950218201
0.239908403,0,0,12.263699531555176,0,0,0.9937199950218201
0.241309555,0,0,7.360374450683594,0,0,0.9937199950218201
0.242706873,0,0,17.167024612426758,0,0,1.070159912109375
0.244107562,0,0,11.03786849975586,0,0,0.9172800183296204
0.245507325,0,0,-10.414178848266602,0,0,0.8408399820327759
0.246906347,0,0,8.58620548248291,0,0,0.9937199950218201
0.248306962,0,0,4.2957963943481445,0,0,0.6879600286483765
0.249707614,0,0,-9.801861763000488,0,0,0.9937199950218201
0.251107507,0,0,-15.930419921875,0,0,2.6754000186920166
0.25250827,0,0,11.650784492492676,0,0,0.7644000053405762
0.253907996,0,0,-9.188945770263672,0,0,0.8408399820327759
0.255306796,0,0,-6.123769283294678,0,0,1.2994799613952637
0.256707022,0,0,-7.349600791931152,0,0,0.611519992351532
0.258106804,0,0,-2.4468741416931152,0,0,0.9937199950218201
0.259506493,0,0,-19.607913970947266,0,0,0.9937199950218201
0.260907459,0,0,-11.027692794799805,0,0,0.9937199950218201
0.262306963,0,0,-1.8339585065841675,0,0,0.7644000053405762
0.263737189,0,0,-3.6727054119110107,0,0,1.1466000080108643
0.265141841,0,0,13.489530563354492,0,0,0.9937199950218201
0.266542271,0,0,9.19972038269043,0,0,-8.867039680480957
0.267966441,0,0,-15.317503929138184,0,0,0
0.269366463,0,0,0.005985504016280174,0,0,0.9172800183296204
0.270765782,0,0,17.779939651489258,0,0,0.7644000053405762
0.272167582,0,0,19.00577163696289,0,0,1.6816799640655518
0.273564604,0,0,11.03786849975586,0,0,0.8408399820327759
0.274963386,0,0,-15.930419921875,0,0,0.6879600286483765
0.276364686,0,0,17.779939651489258,0,0,0.7644000053405762
0.277762356,0,0,4.2963948249816895,0,0,0.6879600286483765
0.279161842,0,0,12.877213478088379,0,0,0.8408399820327759
0.280563345,0,0,15.941193580627441,0,0,0.6879600286483765
0.28196096,0,0,-1.2210428714752197,0,0,0.9937199950218201
0.283359909,0,0,15.941193580627441,0,0,0.8408399820327759
0.284761857,0,0,13.489530563354492,0,0,0.9172800183296204
0.286159898,0,0,16.554109573364258,0,0,0.6879600286483765
0.287558975,0,0,7.360973358154297,0,0,1.070159912109375
0.288960646,0,0,-17.15565299987793,0,0,0.9172800183296204
0.290359076,0,0,-15.317503929138184,0,0,1.223039984703064
0.291760468,0,0,-9.188347816467285,0,0,0.8408399820327759
0.293161583,0,0,17.779939651489258,0,0,1.1466000080108643
0.294560717,0,0,5.521627902984619,0,0,0.9172800183296204
0.295984646,0,0,11.650784492492676,0,0,0.6879600286483765
0.297383946,0,0,-6.123769283294678,0,0,0.8408399820327759
0.298783283,0,0,-7.349001884460449,0,0,1.223039984703064
0.30018375,0,0,12.877213478088379,0,0,0.8408399820327759
0.30158305,0,0,-13.47875690460205,0,0,0.9172800183296204
0.302983147,0,0,-4.285022258758545,0,0,1.070159912109375
0.304383854,0,0,-19.607913970947266,0,0,0.6879600286483765
0.305782784,0,0,-4.897938251495361,0,0,0.611519992351532
0.307182362,0,0,-13.47875690460205,0,0,1.8345600366592407
0.308584051,0,0,12.876615524291992,0,0,0.8408399820327759
0.309982054,0,0,3.6834793090820313,0,0,0.611519992351532
0.311381373,0,0,-12.865840911865234,0,0,0.5350799560546875
0.312782525,0,0,0.005985504016280174,0,0,1.1466000080108643
0.314189936,0,0,-11.027094841003418,0,0,0.6879600286483765
0.315594866,0,0,1.8441338539123535,0,0,1.070159912109375
0.316996092,0,0,-14.704587936401367,0,0,0.8408399820327759
0.318392596,0,0,-19.607913970947266,0,0,1.223039984703064
0.319793062,0,0,5.521627902984619,0,0,0.9172800183296204
0.321193048,0,0,-7.349600791931152,0,0,0.8408399820327759
0.322591885,0,0,1.844732403755188,0,0,0.6879600286483765
0.324011333,0,0,-6.123769283294678,0,0,0.9172800183296204
0.32541204,0,0,0.005985504016280174,0,0,0.8408399820327759
0.326811785,0,0,-6.123769283294678,0,0,0.9937199950218201
0.328214381,0,0,-3.6727054119110107,0,0,0.8408399820327759
0.329612255,0,0,-3.6721067428588867,0,0,0.4586400091648102
0.331011592,0,0,-4.285022258758545,0,0,0.6879600286483765
0.332572946,0,0,-9.801262855529785,0,0,0.9937199950218201
0.333985043,0,0,8.58620548248291,0,0,1.1466000080108643
0.335385417,0,0,-15.930419921875,0,0,0.7644000053405762
0.336781161,0,0,3.6828808784484863,0,0,0.9172800183296204
0.338198887,0,0,14.715362548828125,0,0,0.611519992351532
0.339594558,0,0,-17.15625,0,0,0.7644000053405762
0.344199583,0,0,19.006370544433594,0,0,0.611519992351532
0.345655846,0,0,-16.5433349609375,0,0,1.070159912109375
0.347109645,0,0,-1.8339585065841675,0,0,0.7644000053405762
0.348544112,0,0,17.167024612426758,0,0,1.1466000080108643
0.350017652,0,0,-0.608127236366272,0,0,0.8408399820327759
0.351479748,0,0,-6.123769283294678,0,0,0.9172800183296204
0.35288627,0,0,-6.123769283294678,0,0,0.9937199950218201
0.354285681,0,0,-0.6075286865234375,0,0,0.9172800183296204
0.355683148,0,0,2.457049608230591,0,0,0.9172800183296204
0.357077929,0,0,-8.575431823730469,0,0,0.9172800183296204
0.358461693,0,0,7.972691535949707,0,0,0.9172800183296204
0.359867511,0,0,1.2312182188034058,0,0,0.8408399820327759
0.361266256,0,0,-12.865840911865234,0,0,0.7644000053405762
0.362664556,0,0,1.8441338539123535,0,0,0.5350799560546875
0.364063819,0,0,19.00577163696289,0,0,1.2994799613952637
0.365513044,0,0,-12.865840911865234,0,0,0.7644000053405762
0.366916233,0,0,15.941193580627441,0,0,0.9937199950218201
0.368315367,0,0,2.457049608230591,0,0,0.9937199950218201
0.369713037,0,0,6.134543418884277,0,0,0.9172800183296204
0.371110671,0,0,7.360374450683594,0,0,0.8408399820327759
0.372510156,0,0,9.199121475219727,0,0,0.8408399820327759
0.373908123,0,0,-19.607913970947266,0,0,0.6879600286483765
0.37530546,0,0,-12.865242958068848,0,0,0.2293200045824051
0.376703982,0,0,16.55470848083496,0,0,0.8408399820327759
0.378101282,0,0,-3.6721067428588867,0,0,0.9172800183296204
0.379513545,0,0,-17.15625,0,0,0.152879998087883
0.380915586,0,0,-18.382680892944336,0,0,0.7644000053405762
0.38231046,0,0,17.779342651367188,0,0,0.6879600286483765
0.38374439,0,0,-4.285621166229248,0,0,0.3822000026702881
0.385146319,0,0,-18.382081985473633,0,0,0.9172800183296204
0.386544434,0,0,2.4576480388641357,0,0,0.4586400091648102
0.38796766,0,0,-15.317503929138184,0,0,0.6879600286483765
0.389366479,0,0,-16.5433349609375,0,0,0.9937199950218201
0.390763927,0,0,5.521627902984619,0,0,1.070159912109375
0.392163542,0,0,-19.607913970947266,0,0,0.9937199950218201
0.393559694,0,0,11.650784492492676,0,0,0.7644000053405762
0.394957809,0,0,14.102446556091309,0,0,0.9172800183296204
0.396357201,0,0,19.006370544433594,0,0,0.6879600286483765
0.397754039,0,0,-1.2204443216323853,0,0,0.7644000053405762
0.399151746,0,0,-1.2204443216323853,0,0,1.2994799613952637
0.400572639,0,0,-8.575431823730469,0,0,1.070159912109375
0.401974994,0,0,-0.608127236366272,0,0,0.8408399820327759
0.403374331,0,0,-17.15625,0,0,0.8408399820327759
0.404775724,0,0,-14.70518684387207,0,0,0.611519992351532
0.406172857,0,0,-6.124367713928223,0,0,0.8408399820327759
0.407571991,0,0,19.006370544433594,0,0,1.1466000080108643
0.408973235,0,0,11.038467407226563,0,0,0.7644000053405762
0.410370776,0,0,17.779939651489258,0,0,0.7644000053405762
0.411771947,0,0,12.263699531555176,0,0,0.9937199950218201
0.413172136,0,0,-17.769765853881836,0,0,0.8408399820327759
0.414570788,0,0,13.489530563354492,0,0,0.6879600286483765
0.415979625,0,0,6.7474589347839355,0,0,1.070159912109375
0.41737898,0,0,-16.5433349609375,0,0,0.8408399820327759
0.418778003,0,0,5.522226333618164,0,0,0.7644000053405762
0.420179229,0,0,-11.640009880065918,0,0,0.6879600286483765
0.421576214,0,0,-12.252925872802734,0,0,1.2994799613952637
0.42297507,0,0,13.490129470825195,0,0,0.6879600286483765
0.424375351,0,0,-1.8339585065841675,0,0,1.070159912109375
0.42577267,0,0,-7.350199222564697,0,0,0.9172800183296204
0.427171729,0,0,-5.5114521980285645,0,0,1.070159912109375
0.428572566,0,0,19.00577163696289,0,0,0.7644000053405762
0.429970644,0,0,6.7480573654174805,0,0,0.7644000053405762
0.431369315,0,0,10.425551414489746,0,0,0.6879600286483765
0.432769763,0,0,13.490129470825195,0,0,1.2994799613952637
0.434167304,0,0,0.6189011335372925,0,0,1.223039984703064
0.435565789,0,0,11.650784492492676,0,0,0.9937199950218201
0.436966145,0,0,4.2957963943481445,0,0,0.9172800183296204
0.438458166,0,0,7.97329044342041,0,0,0.611519992351532
0.43985804,0,0,-14.091672897338867,0,0,0.8408399820327759
0.441268174,0,0,-3.0591912269592285,0,0,0.9937199950218201
0.442511846,0,0,-3.0591912269592285,0,0,0.6879600286483765
0.443767332,0,0,-1.833359956741333,0,0,0.611519992351532
0.445025078,0,0,0.618302583694458,0,0,0.9937199950218201
0.446279621,0,0,-5.5114521980285645,0,0,0.9937199950218201
0.447533959,0,0,-15.931017875671387,0,0,0.7644000053405762
0.448789206,0,0,0.618302583694458,0,0,0.9937199950218201
0.45004447,0,0,15.941193580627441,0,0,0.6879600286483765
0.45129892,0,0,-4.285022258758545,0,0,0.7644000053405762
0.452554333,0,0,-17.15625,0,0,0.7644000053405762
0.45380843,0,0,1.2312182188034058,0,0,0.9172800183296204
0.455063288,0,0,-18.994997024536133,0,0,0.9937199950218201
0.456320219,0,0,-6.737283706665039,0,0,0.7644000053405762
0.457574576,0,0,1.2312182188034058,0,0,0.9172800183296204
0.458828433,0,0,-3.6727054119110107,0,0,0.8408399820327759
0.46008479,0,0,-6.123769283294678,0,0,1.070159912109375
0.461337888,0,0,-13.47875690460205,0,0,0.9937199950218201
0.462593097,0,0,2.4576480388641357,0,0,0.7644000053405762
0.463849843,0,0,15.328876495361328,0,0,0.9937199950218201
0.465104108,0,0,18.39285659790039,0,0,0.9172800183296204
0.466358317,0,0,-11.027094841003418,0,0,0.7644000053405762
0.467612489,0,0,-18.382081985473633,0,0,1.1466000080108643
0.468869309,0,0,-10.414178848266602,0,0,0.9172800183296204
0.470122481,0,0,4.908711910247803,0,0,1.1466000080108643
0.471377153,0,0,15.328277587890625,0,0,0.6879600286483765
0.472633029,0,0,-10.414178848266602,0,0,0.611519992351532
0.473885905,0,0,17.16762351989746,0,0,-9.249239921569824
0.475140558,0,0,-11.027094841003418,0,0,0.9937199950218201
0.476396304,0,0,5.522226333618164,0,0,0.7644000053405762
0.477649198,0,0,-3.6721067428588867,0,0,0.9937199950218201
0.478903611,0,0,4.2957963943481445,0,0,0.8408399820327759
0.480159783,0,0,-12.865840911865234,0,0,0.611519992351532
0.481413899,0,0,7.97329044342041,0,0,0.9937199950218201
0.482667738,0,0,-6.736684799194336,0,0,0.8408399820327759
0.483950539,0,0,5.522226333618164,0,0,0.8408399820327759
0.485205748,0,0,-10.414178848266602,0,0,0.9172800183296204
0.486460846,0,0,3.6828808784484863,0,0,0.9172800183296204
0.487734981,0,0,-9.801262855529785,0,0,1.070159912109375
0.488990857,0,0,9.812037467956543,0,0,0.9937199950218201
0.490245695,0,0,0.618302583694458,0,0,0.9937199950218201
0.491500293,0,0,-4.898536682128906,0,0,1.2994799613952637
0.492757243,0,0,-1.2210428714752197,0,0,0.8408399820327759
0.49401223,0,0,7.97329044342041,0,0,0.6879600286483765
0.495267846,0,0,18.393455505371094,0,0,0.611519992351532
0.496524074,0,0,-6.123769283294678,0,0,0.9172800183296204
0.49777732,0,0,-4.285022258758545,0,0,1.223039984703064
0.499031659,0,0,14.103045463562012,0,0,0.7644000053405762
0.50030233,0,0,11.03786849975586,0,0,0.9172800183296204
0.503102949,0,0,9.812037467956543,0,0,0.9172800183296204
0.504393528,0,0,-18.994997024536133,0,0,0.9937199950218201
0.505670126,0,0,-9.801262855529785,0,0,0.9172800183296204
0.506946409,0,0,14.103045463562012,0,0,0.7644000053405762
0.508200507,0,0,-8.575431823730469,0,0,1.070159912109375
0.509458253,0,0,15.941193580627441,0,0,0.8408399820327759
0.510711443,0,0,6.134543418884277,0,0,0.8408399820327759
0.51196506,0,0,16.554109573364258,0,0,0.8408399820327759
0.513236972,0,0,-5.5114521980285645,0,0,2.751840114593506
0.514493181,0,0,17.167024612426758,0,0,0.9172800183296204
0.515748835,0,0,7.97329044342041,0,0,0.6879600286483765
0.517003395,0,0,-12.865840911865234,0,0,0.9172800183296204
0.518258993,0,0,-11.027094841003418,0,0,0.7644000053405762
0.519513721,0,0,17.779939651489258,0,0,1.223039984703064
0.520769022,0,0,17.779939651489258,0,0,0.6879600286483765
0.522023287,0,0,3.6828808784484863,0,0,1.223039984703064
0.523277441,0,0,3.069965124130249,0,0,1.2994799613952637
0.524532687,0,0,-12.253523826599121,0,0,0.8408399820327759
0.525787081,0,0,-6.124367713928223,0,0,0.7644000053405762
0.527041623,0,0,-14.704587936401367,0,0,1.1466000080108643
0.528296536,0,0,6.7480573654174805,0,0,0.611519992351532
0.529550893,0,0,-18.382081985473633,0,0,1.1466000080108643
0.530805972,0,0,10.425551414489746,0,0,0.611519992351532
0.532061107,0,0,-16.5433349609375,0,0,0.7644000053405762
0.533315983,0,0,-3.0591912269592285,0,0,1.223039984703064
0.534588266,0,0,-14.092270851135254,0,0,0.9937199950218201
0.535843012,0,0,-3.6727054119110107,0,0,0.9172800183296204
0.537099258,0,0,16.554109573364258,0,0,0.9172800183296204
0.538469855,0,0,4.2963948249816895,0,0,1.070159912109375
0.539729416,0,0,1.844732403755188,0,0,0.8408399820327759
0.541115364,0,0,18.39285659790039,0,0,0.9172800183296204
0.542508312,0,0,-5.5108537673950195,0,0,0.6879600286483765
0.543905927,0,0,4.908711910247803,0,0,0.9172800183296204
0.545303542,0,0,16.554109573364258,0,0,0.9937199950218201
0.546701213,0,0,16.554109573364258,0,0,0.9937199950218201
0.548099105,0,0,-16.5433349609375,0,0,1.070159912109375
0.549496628,0,0,-19.607315063476563,0,0,0.6879600286483765
0.550894354,0,0,5.522226333618164,0,0,0.8408399820327759
0.552292117,0,0,-7.349600791931152,0,0,0.9937199950218201
0.553689973,0,0,5.521627902984619,0,0,1.070159912109375
0.555087402,0,0,-1.2210428714752197,0,0,0.9172800183296204
0.556486276,0,0,-2.4468741416931152,0,0,0.8408399820327759
0.55788278,0,0,-17.769166946411133,0,0,1.1466000080108643
0.559280636,0,0,-11.640009880065918,0,0,0.7644000053405762
0.560678492,0,0,-13.47875690460205,0,0,0.3822000026702881
0.562075736,0,0,-1.2204443216323853,0,0,0.9937199950218201
0.56347337,0,0,-3.671508312225342,0,0,0.9172800183296204
0.56487154,0,0,-15.317503929138184,0,0,0.9172800183296204
0.566269248,0,0,-7.349600791931152,0,0,0.7644000053405762
0.567666751,0,0,-13.479355812072754,0,0,0.9172800183296204
0.569067107,0,0,-10.414777755737305,0,0,0.6879600286483765
0.570462815,0,0,-7.349600791931152,0,0,0.9172800183296204
0.571862837,0,0,12.264298439025879,0,0,0.8408399820327759
0.573259915,0,0,0.6189011335372925,0,0,0.8408399820327759
0.574657696,0,0,14.103045463562012,0,0,0.4586400091648102
0.576056422,0,0,12.876615524291992,0,0,1.223039984703064
0.57745213,0,0,15.941193580627441,0,0,0.7644000053405762
0.578849449,0,0,12.876615524291992,0,0,0.9172800183296204
0.580248323,0,0,-18.994997024536133,0,0,1.375920057296753
0.581644753,0,0,-0.6075286865234375,0,0,0.7644000053405762
0.583041997,0,0,-9.187748908996582,0,0,0.611519992351532
0.584440797,0,0,-15.317503929138184,0,0,1.070159912109375
0.585836579,0,0,15.328277587890625,0,0,0.7644000053405762
0.587234083,0,0,-18.382081985473633,0,0,0.9937199950218201
0.58863392,0,0,-18.382081985473633,0,0,0.9172800183296204
0.590030035,0,0,-18.382680892944336,0,0,0.9172800183296204
0.591427594,0,0,8.58620548248291,0,0,0.9937199950218201
0.592827042,0,0,0.005985504016280174,0,0,0.8408399820327759
0.594223231,0,0,-9.801262855529785,0,0,0.9172800183296204
0.595621235,0,0,-11.640009880065918,0,0,0.9172800183296204
0.597044498,0,0,-11.027094841003418,0,0,0.9937199950218201
0.598497168,0,0,13.489530563354492,0,0,0.9937199950218201
0.600200817,0,0,4.908711910247803,0,0,0.8408399820327759
0.601603654,0,0,-19.607913970947266,0,0,0.9937199950218201
0.60300125,0,0,15.941193580627441,0,0,1.1466000080108643
0.604402569,0,0,2.4576480388641357,0,0,0.7644000053405762
0.605797258,0,0,-15.317503929138184,0,0,1.1466000080108643
0.607194836,0,0,-4.285022258758545,0,0,0.8408399820327759
0.608594747,0,0,8.58620548248291,0,0,1.070159912109375
0.609991325,0,0,-11.027094841003418,0,0,0.9937199950218201
0.611388847,0,0,3.069965124130249,0,0,0.5350799560546875
0.612788443,0,0,-10.414178848266602,0,0,0.9172800183296204
0.614212095,0,0,-10.413579940795898,0,0,0.7644000053405762
0.615619951,0,0,-1.2204443216323853,0,0,0.9172800183296204
0.617019843,0,0,-17.15625,0,0,0.9172800183296204
0.618413773,0,0,16.554109573364258,0,0,0.7644000053405762
0.619813573,0,0,-3.6727054119110107,0,0,0.9937199950218201
0.621213522,0,0,0.618302583694458,0,0,0.9172800183296204
0.622611285,0,0,5.521627902984619,0,0,0.8408399820327759
0.62401114,0,0,1.2312182188034058,0,0,0.8408399820327759
0.62540694,0,0,-18.994997024536133,0,0,1.070159912109375
0.626804444,0,0,-17.15625,0,0,0.6879600286483765
0.628231855,0,0,-12.865840911865234,0,0,0.8408399820327759
0.629629989,0,0,-13.47875690460205,0,0,0.9937199950218201
0.631028326,0,0,-12.253523826599121,0,0,0.8408399820327759
0.632428237,0,0,16.554109573364258,0,0,0.9172800183296204
0.633824537,0,0,18.39285659790039,0,0,0.7644000053405762
0.63522167,0,0,-14.704587936401367,0,0,0.9172800183296204
0.636621785,0,0,-15.929821014404297,0,0,1.1466000080108643
0.638018178,0,0,5.522226333618164,0,0,0.8408399820327759
0.639449996,0,0,-4.897938251495361,0,0,0.8408399820327759
0.640850463,0,0,1.844732403755188,0,0,0.9172800183296204
0.642256245,0,0,-11.640009880065918,0,0,1.070159912109375
0.643651508,0,0,-15.317503929138184,0,0,0.8408399820327759
0.645054252,0,0,14.102446556091309,0,0,0.5350799560546875
0.646452645,0,0,-5.5114521980285645,0,0,1.223039984703064
0.647851038,0,0,-5.5108537673950195,0,0,0.8408399820327759
0.649249393,0,0,-0.6075286865234375,0,0,0.6879600286483765
0.65064749,0,0,15.941792488098145,0,0,1.1466000080108643
0.652046086,0,0,-8.575431823730469,0,0,0.7644000053405762
0.653443794,0,0,10.424952507019043,0,0,0.7644000053405762
0.654842112,0,0,14.102446556091309,0,0,0.6879600286483765
0.65624019,0,0,-13.47875690460205,0,0,0.7644000053405762
0.657638083,0,0,-16.542736053466797,0,0,-8.714159965515137
0.659036068,0,0,10.425551414489746,0,0,1.070159912109375
0.66043535,0,0,15.328277587890625,0,0,1.1466000080108643
0.661833557,0,0,-4.285022258758545,0,0,-9.096360206604004
0.663231894,0,0,-13.47875690460205,0,0,0.9937199950218201
0.664631491,0,0,17.167024612426758,0,0,0.9172800183296204
0.666029958,0,0,5.521627902984619,0,0,0.9172800183296204
0.667470794,0,0,-18.994997024536133,0,0,2.522519826889038
0.668871928,0,0,6.7480573654174805,0,0,1.070159912109375
0.670267357,0,0,-13.47875690460205,0,0,0.9172800183296204
0.671666528,0,0,-4.897938251495361,0,0,2.14031982421875
0.673064995,0,0,17.78053855895996,0,0,0.9937199950218201
0.674462795,0,0,-14.091672897338867,0,0,0.9937199950218201
0.67586328,0,0,-10.414178848266602,0,0,0.8408399820327759
0.677261839,0,0,18.39285659790039,0,0,0.9172800183296204
0.678659288,0,0,9.199121475219727,0,0,0.5350799560546875
0.680059014,0,0,-0.6075286865234375,0,0,0.9172800183296204
0.681455258,0,0,3.6834793090820313,0,0,0.7644000053405762
0.682852947,0,0,-15.930419921875,0,0,0.9172800183296204
0.684253025,0,0,3.069965124130249,0,0,0.9937199950218201
0.685649399,0,0,1.8441338539123535,0,0,1.070159912109375
0.687047681,0,0,1.2318167686462402,0,0,0.9937199950218201
0.688447129,0,0,1.844732403755188,0,0,0.9172800183296204
0.689843596,0,0,4.909310817718506,0,0,0.0764399990439415
0.691240989,0,0,-6.736684799194336,0,0,0.6879600286483765
0.692640159,0,0,-2.446275472640991,0,0,0.611519992351532
0.694036626,0,0,-12.252925872802734,0,0,0.7644000053405762
0.695434611,0,0,14.102446556091309,0,0,1.070159912109375
0.696833745,0,0,11.03786849975586,0,0,0.9172800183296204
0.6982306,0,0,-15.318102836608887,0,0,0.8408399820327759
0.699628808,0,0,-2.4468741416931152,0,0,0.7644000053405762
0.701045071,0,0,3.069965124130249,0,0,1.070159912109375
0.702446463,0,0,7.973888874053955,0,0,0.8408399820327759
0.703876022,0,0,16.554109573364258,0,0,0.9172800183296204
0.705274193,0,0,-0.6075286865234375,0,0,0.7644000053405762
0.706671308,0,0,0.005386953707784414,0,0,0.9172800183296204
0.708070775,0,0,14.102446556091309,0,0,1.070159912109375
0.709468204,0,0,-4.898536682128906,0,0,1.223039984703064
0.710865745,0,0,5.521627902984619,0,0,0.611519992351532
0.712265749,0,0,5.522226333618164,0,0,1.375920057296753
0.713662457,0,0,-4.897938251495361,0,0,0.611519992351532
0.715131145,0,0,-14.091672897338867,0,0,0.4586400091648102
0.716535223,0,0,-3.0591912269592285,0,0,0.611519992351532
0.717933097,0,0,12.263699531555176,0,0,0.9172800183296204
0.719331045,0,0,-4.285621166229248,0,0,0.8408399820327759
0.720744215,0,0,17.779342651367188,0,0,1.375920057296753
0.722141627,0,0,-18.382081985473633,0,0,-8.943479537963867
0.723539779,0,0,17.78053855895996,0,0,0.9937199950218201
0.724939338,0,0,11.038467407226563,0,0,0.611519992351532
0.726336434,0,0,-7.349600791931152,0,0,0.9937199950218201
0.727736142,0,0,-16.5433349609375,0,0,0.7644000053405762
0.729134775,0,0,7.97329044342041,0,0,0.9937199950218201
0.730532872,0,0,19.005172729492188,0,0,0.7644000053405762
0.731933283,0,0,-1.2210428714752197,0,0,0.8408399820327759
0.733331361,0,0,-9.188347816467285,0,0,0.5350799560546875
0.734728939,0,0,-11.027094841003418,0,0,0.7644000053405762
0.736128294,0,0,-6.736684799194336,0,0,0.7644000053405762
0.737524835,0,0,-3.0591912269592285,0,0,0.8408399820327759
0.738921932,0,0,19.00577163696289,0,0,0.9937199950218201
0.740352935,0,0,-3.0597896575927734,0,0,1.1466000080108643
0.741749976,0,0,-11.640608787536621,0,0,0.5350799560546875
0.743147776,0,0,-6.737283706665039,0,0,0.611519992351532
0.744547076,0,0,-12.865840911865234,0,0,1.070159912109375
0.745943487,0,0,6.135141849517822,0,0,0.8408399820327759
0.747341084,0,0,-18.994997024536133,0,0,1.070159912109375
0.748740514,0,0,17.167024612426758,0,0,0.9172800183296204
0.750137406,0,0,15.328277587890625,0,0,0.9172800183296204
0.75153528,0,0,-18.382081985473633,0,0,1.1466000080108643
0.75293521,0,0,14.102446556091309,0,0,1.1466000080108643
0.754331788,0,0,12.876615524291992,0,0,0.9937199950218201
0.755732366,0,0,-9.188347816467285,0,0,0.6879600286483765
0.757130555,0,0,-5.5108537673950195,0,0,0.6879600286483765
0.75852804,0,0,11.03786849975586,0,0,1.070159912109375
0.759927729,0,0,-1.833359956741333,0,0,0.9172800183296204
0.761326066,0,0,-3.0597896575927734,0,0,0.9172800183296204
0.762723403,0,0,0.618302583694458,0,0,1.070159912109375
0.764123259,0,0,4.908711910247803,0,0,0.9937199950218201
0.765519319,0,0,17.167024612426758,0,0,0.8408399820327759
0.766916563,0,0,8.586804389953613,0,0,1.223039984703064
0.768315474,0,0,7.360973358154297,0,0,1.1466000080108643
0.769711756,0,0,-4.897938251495361,0,0,1.070159912109375
0.771109297,0,0,6.7474589347839355,0,0,0.7644000053405762
0.772508615,0,0,-1.2210428714752197,0,0,2.446079969406128
0.773904712,0,0,-12.865840911865234,0,0,0.8408399820327759
0.775302345,0,0,1.8441338539123535,0,0,0.8408399820327759
0.776701627,0,0,-17.769166946411133,0,0,0.7644000053405762
0.778097316,0,0,-8.574832916259766,0,0,1.2994799613952637
0.779495579,0,0,15.328876495361328,0,0,0.7644000053405762
0.780894749,0,0,14.715362548828125,0,0,0.9172800183296204
0.782291512,0,0,4.908711910247803,0,0,0.9937199950218201
0.78368909,0,0,19.00577163696289,0,0,0.7644000053405762
0.785099409,0,0,-6.737283706665039,0,0,0.9172800183296204
0.786532523,0,0,-19.607913970947266,0,0,1.070159912109375
0.787936509,0,0,1.2312182188034058,0,0,0.7644000053405762
0.789341901,0,0,1.2318167686462402,0,0,0.8408399820327759
0.790749831,0,0,6.7480573654174805,0,0,1.070159912109375
0.792149353,0,0,6.7480573654174805,0,0,0.8408399820327759
0.793547042,0,0,5.521627902984619,0,0,1.375920057296753
0.794945287,0,0,-4.898536682128906,0,0,0.8408399820327759
0.796343902,0,0,8.58620548248291,0,0,0.9937199950218201
0.797741331,0,0,17.167024612426758,0,0,0.7644000053405762
0.799138946,0,0,-18.994997024536133,0,0,1.2994799613952637
0.80055858,0,0,-12.865840911865234,0,0,0.7644000053405762
0.801958861,0,0,-14.704587936401367,0,0,0.9937199950218201
0.803357365,0,0,3.070563793182373,0,0,0.611519992351532
0.804758887,0,0,2.457049608230591,0,0,1.2994799613952637
0.806154854,0,0,14.715362548828125,0,0,0.9172800183296204
0.807553858,0,0,-8.576030731201172,0,0,0.9172800183296204
0.808952714,0,0,12.876615524291992,0,0,0.6879600286483765
0.810350847,0,0,15.328876495361328,0,0,1.1466000080108643
0.811749851,0,0,-12.865242958068848,0,0,1.2994799613952637
0.81314741,0,0,4.908711910247803,0,0,1.070159912109375
0.814544914,0,0,-13.47875690460205,0,0,0.8408399820327759
0.815976491,0,0,-2.4468741416931152,0,0,1.1466000080108643
0.817374903,0,0,-7.9625163078308105,0,0,0.9937199950218201
0.818773184,0,0,12.876615524291992,0,0,0.9172800183296204
0.820174614,0,0,12.876615524291992,0,0,0.611519992351532
0.82157047,0,0,-1.833359956741333,0,0,0.611519992351532
0.822968492,0,0,14.103045463562012,0,0,0.4586400091648102
0.824367903,0,0,17.78053855895996,0,0,1.223039984703064
0.825767185,0,0,-18.994997024536133,0,0,1.070159912109375
0.827167207,0,0,4.2957963943481445,0,0,1.223039984703064
0.828569452,0,0,3.6828808784484863,0,0,0.611519992351532
0.829967659,0,0,-18.994997024536133,0,0,0.9937199950218201
0.831367348,0,0,17.779939651489258,0,0,0.8408399820327759
0.832761889,0,0,2.4576480388641357,0,0,0.6879600286483765
0.834152023,0,0,-18.382081985473633,0,0,0.8408399820327759
0.835547286,0,0,3.6834793090820313,0,0,0.611519992351532
0.836947104,0,0,4.2963948249816895,0,0,0.8408399820327759
0.838345534,0,0,-5.5108537673950195,0,0,0.3822000026702881
0.839746964,0,0,-8.576030731201172,0,0,0.3822000026702881
0.841176023,0,0,-7.9625163078308105,0,0,0.6879600286483765
0.842591175,0,0,-3.0591912269592285,0,0,0.6879600286483765
0.844003012,0,0,-2.446275472640991,0,0,0.6879600286483765
0.845399478,0,0,-9.188347816467285,0,0,0.611519992351532
0.846804186,0,0,-16.5433349609375,0,0,1.070159912109375
0.848240652,0,0,9.199121475219727,0,0,0.9937199950218201
0.8496901,0,0,5.521627902984619,0,0,0.5350799560546875
0.851283102,0,0,15.328277587890625,0,0,0.9172800183296204
0.85268955,0,0,18.39285659790039,0,0,0.6879600286483765
0.854087294,0,0,14.715960502624512,0,0,0.6879600286483765
0.855485372,0,0,-3.0591912269592285,0,0,0.9937199950218201
0.856885561,0,0,14.715362548828125,0,0,0.611519992351532
0.858283528,0,0,-17.769166946411133,0,0,0.8408399820327759
0.859682328,0,0,17.167024612426758,0,0,1.070159912109375
0.86108448,0,0,-3.6727054119110107,0,0,0.9172800183296204
0.862482521,0,0,5.521627902984619,0,0,0.9937199950218201
0.863883154,0,0,11.650784492492676,0,0,0.9937199950218201
0.865282232,0,0,-7.349600791931152,0,0,0.7644000053405762
0.866680606,0,0,-11.640009880065918,0,0,0.6879600286483765
0.868080777,0,0,13.489530563354492,0,0,0.8408399820327759
0.869478558,0,0,6.134543418884277,0,0,0.9172800183296204
0.870876544,0,0,1.8441338539123535,0,0,0.8408399820327759
0.872276881,0,0,-4.285621166229248,0,0,0.7644000053405762
0.873674477,0,0,-14.091672897338867,0,0,0.9937199950218201
0.875072425,0,0,15.328876495361328,0,0,0.7644000053405762
0.876472522,0,0,-14.091073989868164,0,0,0.8408399820327759
0.877870359,0,0,1.2318167686462402,0,0,0.6879600286483765
0.879268678,0,0,-0.6075286865234375,0,0,0.7644000053405762
0.880668681,0,0,-15.317503929138184,0,0,0.7644000053405762
0.882066426,0,0,-18.994997024536133,0,0,0.8408399820327759
0.88346443,0,0,4.2957963943481445,0,0,0.6879600286483765
0.884864822,0,0,9.812037467956543,0,0,0.7644000053405762
0.886262752,0,0,-3.0591912269592285,0,0,0.7644000053405762
0.887660812,0,0,-0.6075286865234375,0,0,0.6879600286483765
0.88906063,0,0,-6.124367713928223,0,0,0.9937199950218201
0.890458078,0,0,-12.865840911865234,0,0,0.9172800183296204
0.891859656,0,0,-1.8339585065841675,0,0,0.7644000053405762
0.893258086,0,0,6.135141849517822,0,0,0.7644000053405762
0.894658645,0,0,-6.123769283294678,0,0,0.8408399820327759
0.896059242,0,0,3.069965124130249,0,0,1.070159912109375
0.897455653,0,0,4.909310817718506,0,0,0.9937199950218201
0.898854323,0,0,14.715960502624512,0,0,1.070159912109375
0.900273438,0,0,-2.446275472640991,0,0,1.070159912109375
0.901673942,0,0,-4.285022258758545,0,0,0.8408399820327759
0.903073557,0,0,-8.575431823730469,0,0,0.9172800183296204
0.904474005,0,0,10.424952507019043,0,0,1.223039984703064
0.905870305,0,0,1.2312182188034058,0,0,1.223039984703064
0.907268939,0,0,-3.6727054119110107,0,0,1.070159912109375
0.908670405,0,0,7.973888874053955,0,0,0.9937199950218201
0.910066224,0,0,-9.801262855529785,0,0,0.6879600286483765
0.911465246,0,0,19.00577163696289,0,0,1.070159912109375
0.91286525,0,0,16.554109573364258,0,0,0.9937199950218201
0.914281828,0,0,-9.188945770263672,0,0,0.9937199950218201
0.915689628,0,0,-13.47875690460205,0,0,0.8408399820327759
0.91708878,0,0,1.2312182188034058,0,0,0.9172800183296204
0.91848745,0,0,16.554109573364258,0,0,0.6879600286483765
0.919889065,0,0,-6.123769283294678,0,0,0.6879600286483765
0.921287773,0,0,9.812037467956543,0,0,0.7644000053405762
0.922686351,0,0,-19.607913970947266,0,0,0.8408399820327759
0.92408691,0,0,7.360374450683594,0,0,0.9937199950218201
0.925483747,0,0,0.6189011335372925,0,0,1.070159912109375
0.926881955,0,0,-14.704587936401367,0,0,0.9172800183296204
0.928282829,0,0,14.102446556091309,0,0,0.8408399820327759
0.929680351,0,0,17.167024612426758,0,0,-9.172800064086914
0.931078392,0,0,4.2963948249816895,0,0,1.2994799613952637
0.932478859,0,0,-1.833359956741333,0,0,0.9172800183296204
0.933881862,0,0,12.264298439025879,0,0,0.6879600286483765
0.935283292,0,0,-7.349600791931152,0,0,1.1466000080108643
0.936684259,0,0,-5.5108537673950195,0,0,1.223039984703064
0.938080133,0,0,-7.9625163078308105,0,0,0.8408399820327759
0.939478692,0,0,-18.994997024536133,0,0,0.9172800183296204
0.940879122,0,0,-9.801262855529785,0,0,0.8408399820327759
0.942310959,0,0,-11.027094841003418,0,0,0.8408399820327759
0.943733426,0,0,14.715362548828125,0,0,1.2994799613952637
0.945134577,0,0,-11.640009880065918,0,0,0.7644000053405762
0.946532155,0,0,4.2957963943481445,0,0,0.8408399820327759
0.947932159,0,0,-7.9631147384643555,0,0,0.6879600286483765
0.949330867,0,0,-13.479355812072754,0,0,1.223039984703064
0.950728556,0,0,3.069965124130249,0,0,0.7644000053405762
0.952128708,0,0,9.19972038269043,0,0,1.375920057296753
0.9535246,0,0,12.264298439025879,0,0,0.6879600286483765
0.954922919,0,0,-1.833359956741333,0,0,0.9172800183296204
0.956322663,0,0,-9.188347816467285,0,0,1.070159912109375
0.957719445,0,0,-3.0597896575927734,0,0,0.9937199950218201
0.95911756,0,0,19.00577163696289,0,0,0.611519992351532
0.960547286,0,0,4.2957963943481445,0,0,0.9172800183296204
0.961946882,0,0,-17.15625,0,0,0.4586400091648102
0.963345664,0,0,-9.801262855529785,0,0,0.9172800183296204
0.96474626,0,0,-11.640009880065918,0,0,1.070159912109375
0.966141634,0,0,0.6189011335372925,0,0,0.6879600286483765
0.96753986,0,0,-5.5108537673950195,0,0,0.7644000053405762
0.968939975,0,0,7.97329044342041,0,0,1.070159912109375
0.970336701,0,0,-12.866439819335938,0,0,0.9172800183296204
0.971736557,0,0,7.97329044342041,0,0,0.6879600286483765
0.97313532,0,0,17.779939651489258,0,0,0.611519992351532
0.974533194,0,0,10.425551414489746,0,0,0.611519992351532
0.975933198,0,0,14.715960502624512,0,0,0.9172800183296204
0.977331739,0,0,-5.5108537673950195,0,0,0.7644000053405762
0.978729909,0,0,9.812037467956543,0,0,0.9172800183296204
0.980130172,0,0,-19.607913970947266,0,0,0.8408399820327759
0.981526306,0,0,-11.027692794799805,0,0,0.9172800183296204
0.982924421,0,0,-7.9631147384643555,0,0,0.9937199950218201
0.98432648,0,0,-16.5433349609375,0,0,0.6879600286483765
0.98572441,0,0,17.779939651489258,0,0,0.5350799560546875
0.987136821,0,0,-3.0591912269592285,0,0,0.8408399820327759
0.98853838,0,0,0.005985504016280174,0,0,0.4586400091648102
0.989935754,0,0,-3.6727054119110107,0,0,0.8408399820327759
0.991334332,0,0,12.263699531555176,0,0,0.9937199950218201
0.992734466,0,0,-11.027692794799805,0,0,0.9172800183296204
0.994131303,0,0,-15.317503929138184,0,0,0.611519992351532
0.995529973,0,0,0.005985504016280174,0,0,0.9172800183296204
0.996929884,0,0,14.715960502624512,0,0,0.9937199950218201
0.998327092,0,0,8.586804389953613,0,0,0.9172800183296204
0.999855706,0,0,14.103045463562012,0,0,0.6879600286483765
1.00126108,0,0,-19.607913970947266,0,0,1.1466000080108643
1.002660139,0,0,-11.640009880065918,0,0,0.6879600286483765
1.004061124,0,0,-16.5433349609375,0,0,0.9172800183296204
1.005458573,0,0,-16.5433349609375,0,0,0.7644000053405762
1.006857113,0,0,12.264298439025879,0,0,1.070159912109375
1.008257765,0,0,6.7480573654174805,0,0,0.9172800183296204
1.00965488,0,0,-9.188347816467285,0,0,0.6879600286483765
1.011053347,0,0,11.03786849975586,0,0,0.8408399820327759
1.012451795,0,0,-12.866439819335938,0,0,0.8408399820327759
1.013868743,0,0,0.618302583694458,0,0,0.9172800183296204
1.015271821,0,0,9.812037467956543,0,0,0.8408399820327759
1.016673806,0,0,6.7474589347839355,0,0,0.7644000053405762
1.018072273,0,0,-1.2204443216323853,0,0,0.6879600286483765
1.019472944,0,0,2.4576480388641357,0,0,1.070159912109375
1.020874392,0,0,13.489530563354492,0,0,0.5350799560546875
1.022281025,0,0,14.102446556091309,0,0,1.1466000080108643
1.023698473,0,0,-4.898536682128906,0,0,1.1466000080108643
1.025134643,0,0,11.03786849975586,0,0,0.8408399820327759
1.026534555,0,0,14.102446556091309,0,0,0.6879600286483765
1.027937169,0,0,7.973888874053955,0,0,0.9937199950218201
1.029337618,0,0,3.070563793182373,0,0,1.605239987373352
1.030737029,0,0,18.393455505371094,0,0,1.070159912109375
1.032138273,0,0,-0.6075286865234375,0,0,0.611519992351532
1.033538388,0,0,12.876615524291992,0,0,1.1466000080108643
1.034938188,0,0,-1.8339585065841675,0,0,0.9172800183296204
1.03633847,0,0,6.134543418884277,0,0,0.9937199950218201
1.037737918,0,0,1.8441338539123535,0,0,0.6879600286483765
1.039137385,0,0,10.425551414489746,0,0,1.452359914779663
1.040537889,0,0,-18.994400024414063,0,0,0.7644000053405762
1.041937818,0,0,-4.897938251495361,0,0,1.1466000080108643
1.043348526,0,0,-6.736684799194336,0,0,0.7644000053405762
1.044747289,0,0,-5.5114521980285645,0,0,1.070159912109375
1.046146348,0,0,8.58620548248291,0,0,0.7644000053405762
1.047546315,0,0,-3.0597896575927734,0,0,0.8408399820327759
1.048946763,0,0,-17.15625,0,0,0.9172800183296204
1.050346452,0,0,-18.38148307800293,0,0,0.9172800183296204
1.051749308,0,0,18.393455505371094,0,0,0.8408399820327759
1.053149997,0,0,-0.6075286865234375,0,0,0.9172800183296204
1.054550186,0,0,1.844732403755188,0,0,0.7644000053405762
1.055976504,0,0,6.134543418884277,0,0,0.9172800183296204
1.057377582,0,0,-7.9631147384643555,0,0,0.9937199950218201
1.058778049,0,0,-9.188945770263672,0,0,0.7644000053405762
1.060178664,0,0,17.167024612426758,0,0,0.6879600286483765
1.06157789,0,0,-17.15565299987793,0,0,0.7644000053405762
1.062977319,0,0,0.6189011335372925,0,0,0.7644000053405762
1.064378508,0,0,14.102446556091309,0,0,0.8408399820327759
1.065777494,0,0,-19.607913970947266,0,0,0.8408399820327759
1.067176683,0,0,15.941193580627441,0,0,1.070159912109375
1.068578761,0,0,9.199121475219727,0,0,0.8408399820327759
1.069976468,0,0,-9.188347816467285,0,0,0.6879600286483765
1.071376546,0,0,4.2963948249816895,0,0,0.8408399820327759
1.072778105,0,0,13.490129470825195,0,0,0.9937199950218201
1.074176665,0,0,-18.994997024536133,0,0,0.6879600286483765
1.075576705,0,0,2.4576480388641357,0,0,-8.943479537963867
1.077002265,0,0,-9.188945770263672,0,0,2.2167599201202393
1.078402602,0,0,6.134543418884277,0,0,0.8408399820327759
1.079804254,0,0,1.8441338539123535,0,0,0.9937199950218201
1.081207165,0,0,-12.865840911865234,0,0,0.8408399820327759
1.082607113,0,0,0.005985504016280174,0,0,1.1466000080108643
1.084008913,0,0,-14.704587936401367,0,0,0.8408399820327759
1.08540788,0,0,15.328277587890625,0,0,0.9172800183296204
1.086807532,0,0,0.005985504016280174,0,0,0.7644000053405762
1.088201906,0,0,-11.027094841003418,0,0,0.8408399820327759
1.089589114,0,0,7.973888874053955,0,0,1.070159912109375
1.090977173,0,0,-5.5108537673950195,0,0,0.6879600286483765
1.092377936,0,0,-18.382081985473633,0,0,0.6879600286483765
1.093778014,0,0,-7.349600791931152,0,0,0.9172800183296204
1.095176962,0,0,6.7480573654174805,0,0,0.8408399820327759
1.096577799,0,0,9.812037467956543,0,0,1.1466000080108643
1.097980859,0,0,-16.5433349609375,0,0,0.9172800183296204
1.099423325,0,0,-3.6727054119110107,0,0,0.8408399820327759
1.100885939,0,0,7.360374450683594,0,0,0.8408399820327759
1.102336831,0,0,-17.769166946411133,0,0,0.7644000053405762
1.103742909,0,0,-15.930419921875,0,0,0.9937199950218201
1.10514282,0,0,12.264298439025879,0,0,0.7644000053405762
1.106541417,0,0,8.586804389953613,0,0,0.8408399820327759
1.107980476,0,0,14.715960502624512,0,0,1.070159912109375
1.109379517,0,0,12.263699531555176,0,0,0.8408399820327759
1.110778854,0,0,7.97329044342041,0,0,0.7644000053405762
1.112179802,0,0,-4.898536682128906,0,0,0.8408399820327759
1.113576343,0,0,-18.382081985473633,0,0,0.9937199950218201
1.114975643,0,0,-1.833359956741333,0,0,0.9172800183296204
1.116376091,0,0,4.2963948249816895,0,0,0.6879600286483765
1.117772669,0,0,-8.575431823730469,0,0,1.070159912109375
1.119171747,0,0,-17.15625,0,0,0.8408399820327759
1.120571695,0,0,-16.5433349609375,0,0,1.070159912109375
1.121968699,0,0,3.069965124130249,0,0,0.9937199950218201
1.1233670550000001,0,0,-13.479355812072754,0,0,1.070159912109375
1.124767151,0,0,7.97329044342041,0,0,0.611519992351532
1.126164284,0,0,-0.6075286865234375,0,0,1.070159912109375
1.127562492,0,0,-11.027094841003418,0,0,0.9937199950218201
1.12896244,0,0,-12.865840911865234,0,0,1.070159912109375
1.1303604250000001,0,0,-4.284423828125,0,0,1.070159912109375
1.131760985,0,0,15.941193580627441,0,0,0.8408399820327759
1.1331601550000001,0,0,-5.5108537673950195,0,0,0.8408399820327759
1.134575863,0,0,3.069965124130249,0,0,1.1466000080108643
1.135976163,0,0,-9.801262855529785,0,0,0.9172800183296204
1.137389833,0,0,-1.2204443216323853,0,0,1.1466000080108643
1.138796244,0,0,12.877213478088379,0,0,0.7644000053405762
1.140200248,0,0,12.876615524291992,0,0,1.223039984703064
1.141596511,0,0,-11.027094841003418,0,0,0.6879600286483765
1.143036551,0,0,11.650784492492676,0,0,0.8408399820327759
1.144436426,0,0,-15.317503929138184,0,0,0.6879600286483765
1.1458428920000001,0,0,-2.4468741416931152,0,0,0.9172800183296204
1.1472376,0,0,6.134543418884277,0,0,-9.172800064086914
1.148639622,0,0,8.586804389953613,0,0,0.9172800183296204
1.150034607,0,0,3.6834793090820313,0,0,0.611519992351532
1.151432741,0,0,-2.446275472640991,0,0,0.9937199950218201
1.152833059,0,0,0.618302583694458,0,0,0.9172800183296204
1.154230026,0,0,8.58620548248291,0,0,1.223039984703064
1.155628197,0,0,-15.317503929138184,0,0,0.611519992351532
1.157028164,0,0,-14.091672897338867,0,0,0.7644000053405762
1.158428167,0,0,1.844732403755188,0,0,0.8408399820327759
1.159872763,0,0,-6.123769283294678,0,0,0.611519992351532
1.161273545,0,0,-7.349600791931152,0,0,0.9937199950218201
1.162671586,0,0,12.877213478088379,0,0,0.7644000053405762
1.164072478,0,0,3.6828808784484863,0,0,0.7644000053405762
1.165468371,0,0,12.876615524291992,0,0,1.1466000080108643
1.166889338,0,0,-1.8339585065841675,0,0,1.2994799613952637
1.168292323,0,0,-16.5433349609375,0,0,0.611519992351532
1.16968866,0,0,17.779939651489258,0,0,0.9937199950218201
1.171087164,0,0,14.103045463562012,0,0,0.7644000053405762
1.172487519,0,0,-6.736684799194336,0,0,0.8408399820327759
1.173884468,0,0,-12.865840911865234,0,0,0.8408399820327759
1.175282638,0,0,9.812037467956543,0,0,0.8408399820327759
1.176682549,0,0,7.360374450683594,0,0,0.9172800183296204
1.1780804790000001,0,0,-14.092270851135254,0,0,0.8408399820327759
1.1794786130000001,0,0,9.199121475219727,0,0,0.8408399820327759
1.180879598,0,0,-6.123769283294678,0,0,1.070159912109375
1.182275972,0,0,6.135141849517822,0,0,0.9172800183296204
1.183674217,0,0,-0.6075286865234375,0,0,1.223039984703064
1.185074628,0,0,19.00577163696289,0,0,0.7644000053405762
1.186471298,0,0,-8.576030731201172,0,0,0.9172800183296204
1.187872802,0,0,11.650784492492676,0,0,0.9937199950218201
1.18927175,0,0,1.8441338539123535,0,0,1.070159912109375
1.190670162,0,0,10.424952507019043,0,0,0.6879600286483765
1.192070054,0,0,3.070563793182373,0,0,1.223039984703064
1.193467502,0,0,-3.6721067428588867,0,0,0.611519992351532
1.194866006,0,0,5.522226333618164,0,0,1.1466000080108643
1.196266195,0,0,-14.704587936401367,0,0,0.7644000053405762
1.1976640139999999,0,0,15.941193580627441,0,0,0.9937199950218201
1.1990628700000001,0,0,-18.994997024536133,0,0,0.7644000053405762
1.200487725,0,0,6.134543418884277,0,0,0.6879600286483765
1.201902136,0,0,11.650784492492676,0,0,0.8408399820327759
1.203299251,0,0,-18.994400024414063,0,0,0.7644000053405762
1.204854142,0,0,12.263699531555176,0,0,0.8408399820327759
1.206273923,0,0,-1.833359956741333,0,0,0.8408399820327759
1.207673242,0,0,18.39285659790039,0,0,2.2167599201202393
1.209077431,0,0,1.844732403755188,0,0,1.070159912109375
1.210471361,0,0,12.876615524291992,0,0,0.6879600286483765
1.21187242,0,0,3.069965124130249,0,0,0.8408399820327759
1.213270831,0,0,-2.446275472640991,0,0,0.9172800183296204
1.21469902,0,0,11.038467407226563,0,0,0.8408399820327759
1.21609645,0,0,8.58620548248291,0,0,1.223039984703064
1.217491602,0,0,-9.188347816467285,0,0,0.8408399820327759
1.218889735,0,0,19.00577163696289,0,0,0.9937199950218201
1.220290109,0,0,-14.704587936401367,0,0,0.7644000053405762
1.221686446,0,0,-4.285621166229248,0,0,0.9937199950218201
1.223084691,0,0,-7.350199222564697,0,0,0.6879600286483765
1.224485084,0,0,-15.930419921875,0,0,0.7644000053405762
1.225881402,0,0,2.4576480388641357,0,0,0.611519992351532
1.227279147,0,0,4.2963948249816895,0,0,0.9172800183296204
1.228679151,0,0,-14.091073989868164,0,0,0.6879600286483765
1.230075636,0,0,18.39285659790039,0,0,0.7644000053405762
1.231473251,0,0,-0.608127236366272,0,0,0.4586400091648102
1.232872995,0,0,-13.47875690460205,0,0,0.9937199950218201
1.234269388,0,0,17.167024612426758,0,0,0.8408399820327759
1.235666707,0,0,-11.027094841003418,0,0,0.9172800183296204
1.237066248,0,0,-1.2204443216323853,0,0,0.5350799560546875
1.238462955,0,0,-19.607913970947266,0,0,2.14031982421875
1.239863274,0,0,-9.188945770263672,0,0,0.6879600286483765
1.241261315,0,0,1.2312182188034058,0,0,0.5350799560546875
1.242666559,0,0,9.812037467956543,0,0,0.9172800183296204
1.244072137,0,0,18.39285659790039,0,0,1.1466000080108643
1.245473715,0,0,19.00577163696289,0,0,0.6879600286483765
1.246871589,0,0,8.586804389953613,0,0,0.8408399820327759
1.248271537,0,0,19.006370544433594,0,0,0.6879600286483765
1.249669152,0,0,1.2318167686462402,0,0,0.8408399820327759
1.251068267,0,0,14.102446556091309,0,0,0.9937199950218201
1.252468493,0,0,0.618302583694458,0,0,0.9937199950218201
1.253866275,0,0,19.005172729492188,0,0,1.070159912109375
1.25526526,0,0,16.553510665893555,0,0,0.8408399820327759
1.256688986,0,0,3.069965124130249,0,0,1.070159912109375
1.258090341,0,0,12.877213478088379,0,0,0.6879600286483765
1.259489623,0,0,17.779939651489258,0,0,0.7644000053405762
1.260889275,0,0,1.844732403755188,0,0,0.9172800183296204
1.262287019,0,0,-17.156848907470703,0,0,0.9172800183296204
1.26368606,0,0,16.553510665893555,0,0,0.9937199950218201
1.265089138,0,0,7.360374450683594,0,0,1.223039984703064
1.266487827,0,0,6.7474589347839355,0,0,0.8408399820327759
1.267887572,0,0,14.715960502624512,0,0,0.9937199950218201
1.269286224,0,0,3.6834793090820313,0,0,2.828279972076416
1.270684875,0,0,-18.382081985473633,0,0,0.611519992351532
1.272084731,0,0,-15.930419921875,0,0,0.8408399820327759
1.273482402,0,0,11.03786849975586,0,0,0.9172800183296204
1.274880517,0,0,-16.5433349609375,0,0,0.9937199950218201
1.2762811680000001,0,0,1.8441338539123535,0,0,1.1466000080108643
1.277679117,0,0,4.908711910247803,0,0,0.8408399820327759
1.2790772129999999,0,0,3.6834793090820313,0,0,1.070159912109375
1.280478124,0,0,-15.929821014404297,0,0,0.7644000053405762
1.281874647,0,0,-1.833359956741333,0,0,0.9172800183296204
1.28327278,0,0,-12.252925872802734,0,0,0.8408399820327759
1.284673654,0,0,10.424952507019043,0,0,0.7644000053405762
1.286070473,0,0,6.134543418884277,0,0,0.8408399820327759
1.287468699,0,0,-2.4468741416931152,0,0,0.9937199950218201
1.288869258,0,0,14.715362548828125,0,0,1.1466000080108643
1.29026667,0,0,10.424952507019043,0,0,0.9937199950218201
1.291665359,0,0,-1.2204443216323853,0,0,1.070159912109375
1.293066362,0,0,4.2963948249816895,0,0,1.1466000080108643
1.294463162,0,0,-8.575431823730469,0,0,0.4586400091648102
1.295863388,0,0,7.97329044342041,0,0,0.8408399820327759
1.29726217,0,0,14.715362548828125,0,0,0.611519992351532
1.298660433,0,0,0.005386953707784414,0,0,0.8408399820327759
1.300144695,0,0,-7.349600791931152,0,0,0.8408399820327759
1.301545681,0,0,-6.123769283294678,0,0,0.8408399820327759
1.302944018,0,0,-11.027094841003418,0,0,0.8408399820327759
1.30434454,0,0,-0.6075286865234375,0,0,1.070159912109375
1.305742229,0,0,7.360374450683594,0,0,0.8408399820327759
1.307140418,0,0,17.779939651489258,0,0,0.9172800183296204
1.308540329,0,0,7.360374450683594,0,0,0.7644000053405762
1.309938314,0,0,6.134543418884277,0,0,0.6879600286483765
1.3113369480000001,0,0,0.005985504016280174,0,0,0.9172800183296204
1.3127371,0,0,-7.349600791931152,0,0,2.5989599227905273
1.3141336780000001,0,0,19.00577163696289,0,0,1.1466000080108643
1.315531607,0,0,-9.188347816467285,0,0,0.8408399820327759
1.316931371,0,0,-5.5114521980285645,0,0,1.9109998941421509
1.318329023,0,0,13.489530563354492,0,0,0.7644000053405762
1.319729452,0,0,13.489530563354492,0,0,0.9172800183296204
1.321150419,0,0,-11.027094841003418,0,0,0.9937199950218201
1.322553311,0,0,-12.252925872802734,0,0,1.1466000080108643
1.3239891670000001,0,0,11.650784492492676,0,0,0.9172800183296204
1.325389652,0,0,4.908711910247803,0,0,0.8408399820327759
1.326790045,0,0,18.39285659790039,0,0,0.305759996175766
1.328192345,0,0,0.618302583694458,0,0,-8.943479537963867
1.329589997,0,0,6.7474589347839355,0,0,0.611519992351532
1.33098963,0,0,-16.5433349609375,0,0,0.7644000053405762
1.3323912629999999,0,0,18.39285659790039,0,0,0.9172800183296204
1.333789378,0,0,7.973888874053955,0,0,0.6879600286483765
1.335189401,0,0,-2.446275472640991,0,0,0.9172800183296204
1.336590775,0,0,-6.736684799194336,0,0,0.9172800183296204
1.337989001,0,0,-15.930419921875,0,0,0.8408399820327759
1.339388912,0,0,1.2312182188034058,0,0,0.7644000053405762
1.34078286,0,0,-6.737283706665039,0,0,0.9937199950218201
1.342176364,0,0,8.58620548248291,0,0,1.070159912109375
1.343636349,0,0,15.941193580627441,0,0,0.611519992351532
1.345078574,0,0,-11.639411926269531,0,0,0.9172800183296204
1.346542355,0,0,15.328876495361328,0,0,0.9172800183296204
1.3480073209999999,0,0,-11.640009880065918,0,0,0.8408399820327759
1.349982245,0,0,1.8441338539123535,0,0,1.9109998941421509
1.351432397,0,0,-7.9625163078308105,0,0,1.070159912109375
1.352870752,0,0,-18.994997024536133,0,0,1.223039984703064
1.354278737,0,0,14.102446556091309,0,0,0.7644000053405762
1.355669556,0,0,-0.6075286865234375,0,0,0.8408399820327759
1.35706506,0,0,-18.382081985473633,0,0,0.611519992351532
1.35845336,0,0,2.4576480388641357,0,0,0.611519992351532
1.359891011,0,0,-7.350199222564697,0,0,0.9937199950218201
1.361279534,0,0,12.876615524291992,0,0,0.8408399820327759
1.362667482,0,0,-9.801262855529785,0,0,0.2293200045824051
1.36405693,0,0,16.554109573364258,0,0,0.4586400091648102
1.365444731,0,0,-12.865840911865234,0,0,0.6879600286483765
1.366832401,0,0,12.264298439025879,0,0,0.7644000053405762
1.368235535,0,0,-10.414178848266602,0,0,0.6879600286483765
1.36963489,0,0,-7.349600791931152,0,0,0.9937199950218201
1.371033357,0,0,-11.027094841003418,0,0,0.9172800183296204
1.3724355830000001,0,0,3.6828808784484863,0,0,0.9172800183296204
1.3738310679999999,0,0,-2.4468741416931152,0,0,0.6879600286483765
1.375229165,0,0,9.812037467956543,0,0,0.9172800183296204
1.376630557,0,0,9.199121475219727,0,0,0.9937199950218201
1.378027283,0,0,-15.317503929138184,0,0,0.8408399820327759
1.379425176,0,0,15.941193580627441,0,0,0.9172800183296204
1.380826273,0,0,12.876615524291992,0,0,2.14031982421875
1.3822229990000001,0,0,1.2312182188034058,0,0,1.223039984703064
1.383621243,0,0,1.2312182188034058,0,0,0.9937199950218201
1.385021728,0,0,3.6828808784484863,0,0,2.2932000160217285
1.386418584,0,0,11.03786849975586,0,0,0.7644000053405762
1.387846514,0,0,-7.9625163078308105,0,0,0.9937199950218201
1.389247925,0,0,13.490129470825195,0,0,0.7644000053405762
1.3906469289999999,0,0,-18.382081985473633,0,0,1.223039984703064
1.392048192,0,0,-15.930419921875,0,0,-8.714159965515137
1.393445658,0,0,-3.0597896575927734,0,0,0.6879600286483765
1.39484357,0,0,12.263699531555176,0,0,0.9172800183296204
1.396244018,0,0,11.650784492492676,0,0,0.8408399820327759
1.397642559,0,0,-19.607913970947266,0,0,0.4586400091648102
1.399041507,0,0,-11.640009880065918,0,0,0.9172800183296204
1.400440418,0,0,-17.769166946411133,0,0,0.7644000053405762
1.40183994,0,0,-8.575431823730469,0,0,0.6879600286483765
1.403237852,0,0,-4.897938251495361,0,0,0.9172800183296204
1.404638504,0,0,-6.737283706665039,0,0,0.8408399820327759
1.4060356,0,0,11.650784492492676,0,0,0.6879600286483765
1.407433882,0,0,6.134543418884277,0,0,0.9937199950218201
1.408833996,0,0,-19.607913970947266,0,0,0.8408399820327759
1.4102313149999999,0,0,-4.285022258758545,0,0,0.9172800183296204
1.4116298,0,0,-1.833359956741333,0,0,0.8408399820327759
1.413029286,0,0,3.070563793182373,0,0,1.070159912109375
1.4144265489999999,0,0,-17.15625,0,0,0.9172800183296204
1.415852886,0,0,9.812037467956543,0,0,1.1466000080108643
1.417251945,0,0,0.005386953707784414,0,0,0.9937199950218201
1.4186507449999999,0,0,13.489530563354492,0,0,0.5350799560546875
1.42005049,0,0,-12.865840911865234,0,0,1.1466000080108643
1.421447512,0,0,5.522226333618164,0,0,0.6879600286483765
1.422846275,0,0,9.199121475219727,0,0,0.7644000053405762
1.424246501,0,0,-4.897938251495361,0,0,0.6879600286483765
1.425643172,0,0,10.424952507019043,0,0,0.9172800183296204
1.427041231,0,0,-11.640009880065918,0,0,0.7644000053405762
1.428441216,0,0,11.03786849975586,0,0,0.7644000053405762
1.429838683,0,0,16.553510665893555,0,0,0.9172800183296204
1.431237131,0,0,-18.994997024536133,0,0,1.070159912109375
1.432636913,0,0,9.81263542175293,0,0,0.611519992351532
1.434213748,0,0,-19.607913970947266,0,0,0.9937199950218201
1.435633585,0,0,-13.47875690460205,0,0,0.611519992351532
1.437035385,0,0,-0.608127236366272,0,0,0.6879600286483765
1.438431,0,0,-8.575431823730469,0,0,1.1466000080108643
1.439875726,0,0,5.521627902984619,0,0,0.7644000053405762
1.441277729,0,0,11.650784492492676,0,0,0.8408399820327759
1.442681326,0,0,11.650784492492676,0,0,1.070159912109375
1.4440863849999999,0,0,3.6834793090820313,0,0,0.7644000053405762
1.445489204,0,0,-6.123769283294678,0,0,0.9172800183296204
1.446803486,0,0,17.167024612426758,0,0,0.611519992351532
1.448053769,0,0,15.941193580627441,0,0,1.1466000080108643
1.449298682,0,0,1.8441338539123535,0,0,1.070159912109375
1.450544039,0,0,-3.0597896575927734,0,0,0.9172800183296204
1.451792526,0,0,1.8441338539123535,0,0,0.7644000053405762
1.453052161,0,0,10.425551414489746,0,0,0.8408399820327759
1.454307314,0,0,-18.994400024414063,0,0,0.9172800183296204
1.455562079,0,0,-7.9625163078308105,0,0,0.6879600286483765
1.456826399,0,0,-3.0591912269592285,0,0,0.6879600286483765
1.458073701,0,0,0.618302583694458,0,0,1.1466000080108643
1.45932004,0,0,-4.285621166229248,0,0,0.8408399820327759
1.460579267,0,0,8.58620548248291,0,0,1.070159912109375
1.4618354949999999,0,0,12.263699531555176,0,0,0.8408399820327759
1.4630913890000001,0,0,13.489530563354492,0,0,0.5350799560546875
1.464349709,0,0,4.909310817718506,0,0,1.1466000080108643
1.465605325,0,0,3.070563793182373,0,0,0.9937199950218201
1.46686046,0,0,2.4576480388641357,0,0,1.2994799613952637
1.468117984,0,0,1.2318167686462402,0,0,0.6879600286483765
1.469372378,0,0,0.005386953707784414,0,0,1.070159912109375
1.470627828,0,0,-3.0597896575927734,0,0,0.7644000053405762
1.4718861300000001,0,0,6.133944988250732,0,0,0.7644000053405762
1.4731418569999999,0,0,4.2957963943481445,0,0,0.8408399820327759
1.474398048,0,0,8.58620548248291,0,0,0.8408399820327759
1.475654257,0,0,-9.801262855529785,0,0,0.8408399820327759
1.47691104,0,0,-17.15625,0,0,0.8408399820327759
1.47816573,0,0,-4.285022258758545,0,0,1.070159912109375
1.479422365,0,0,-9.188347816467285,0,0,0.9172800183296204
1.480679852,0,0,-11.027094841003418,0,0,1.1466000080108643
1.481934431,0,0,3.069965124130249,0,0,1.070159912109375
1.483190048,0,0,0.618302583694458,0,0,1.070159912109375
1.484447646,0,0,11.03786849975586,0,0,0.9172800183296204
1.485702966,0,0,-10.414178848266602,0,0,0.7644000053405762
1.486958712,0,0,-8.575431823730469,0,0,1.070159912109375
1.488216476,0,0,-4.285022258758545,0,0,0.8408399820327759
1.489471408,0,0,-8.575431823730469,0,0,0.6879600286483765
1.49072708,0,0,19.00577163696289,0,0,0.9172800183296204
1.491985696,0,0,4.2957963943481445,0,0,1.223039984703064
1.493240127,0,0,-10.414777755737305,0,0,0.9172800183296204
1.494496373,0,0,-3.6727054119110107,0,0,1.223039984703064
1.495754027,0,0,-11.640009880065918,0,0,0.8408399820327759
1.497010921,0,0,-5.5108537673950195,0,0,1.375920057296753
1.498267667,0,0,9.19972038269043,0,0,0.611519992351532
1.499523283,0,0,-6.123769283294678,0,0,1.1466000080108643
